MEASURE_DATE,NG_CELL_ID,NG_TRAY_POS,TRAY_NO,LOT_NO,WIRE_SWAP,AB_CON,CD_CON,OK_CELL_ID,OK_TRAY_POSITION
6/13/2022 18:02,G394N69221310006,A14,20697654,220608G33,AB,TRUE,FALSE,G372N69228470006,B14
6/13/2022 18:44,G383N69258410006,A14,20452112,220608G33,AB,TRUE,FALSE,G354N69249450006,B14
6/13/2022 19:17,G352N66449130006,B03,20072891,220606G31,AB,TRUE,FALSE,Missing Cell,A03
6/13/2022 19:32,G363N69252120006,B09,20536862,220608G33,AB,TRUE,FALSE,Missing Cell,A09
6/13/2022 19:40,G461N69136130006,A12,20377845,220608G43,AB,TRUE,FALSE,Missing Cell,B12
6/13/2022 19:40,G492N69126440006,B15,20377845,220608G43,AB,TRUE,FALSE,Missing Cell,A15
6/13/2022 19:41,G4B2N69221210006,B15,20217442,220608G43,AB,TRUE,FALSE,Missing Cell,A15
6/13/2022 19:43,G414N69236090006,B15,20467014,220608G43,AB,TRUE,FALSE,Missing Cell,A15
6/13/2022 19:47,G472N69208460006,B15,21015132,220608G43,AB,TRUE,FALSE,Missing Cell,A15
6/13/2022 20:05,G464N69222210006,B15,20567981,220608G43,AB,TRUE,FALSE,Missing Cell,A15
6/13/2022 20:13,G484N69306270006,A13,20503179,220608G43,AB,TRUE,FALSE,Missing Cell,B13
6/13/2022 20:16,G432N69229540006,B15,20748968,220608G43,AB,TRUE,FALSE,Missing Cell,A15
6/13/2022 20:25,G4C3N69252260006,B15,20620941,220608G43,AB,TRUE,FALSE,Missing Cell,A15
6/13/2022 20:33,G4B2N69152420006,B15,20695409,220608G43,AB,TRUE,FALSE,Missing Cell,A15
6/13/2022 20:41,G344N66826180006,B03,20154762,220606G31,AB,TRUE,FALSE,Missing Cell,A03
6/13/2022 20:45,G4B3N68K28360006,B15,20569211,220608G42,AB,TRUE,FALSE,Missing Cell,A15
6/13/2022 20:48,G494N69218150006,B15,20223539,220608G43,AB,TRUE,FALSE,Missing Cell,A15
6/13/2022 21:28,G4E3N68M18310006,B15,20411124,220608G42,AB,TRUE,FALSE,G434N68M23570006,A15
6/13/2022 21:29,G3C1N66424130006,B06,21001277,220606G31,AB,TRUE,FALSE,Missing Cell,A06
6/13/2022 21:34,G4E4N68M20150006,B15,21052543,220608G42,AB,TRUE,FALSE,Missing Cell,A15
6/13/2022 21:43,G3E3N66E08400006,B12,21012055,220606G31,AB,TRUE,FALSE,Missing Cell,A12
6/13/2022 21:55,G3A3N66928510006,B15,20535692,220606G31,AB,TRUE,FALSE,Missing Cell,A15
6/13/2022 21:55,G3C4N66927370006,A04,20535692,220606G31,AB,TRUE,FALSE,Missing Cell,B04
6/13/2022 22:03,G313N66845000006,B01,20725461,220606G31,AB,TRUE,FALSE,Missing Cell,A01
6/13/2022 22:05,G391N66853300006,B01,20733829,220606G31,AB,TRUE,FALSE,Missing Cell,A01
6/13/2022 22:06,G3A4N66417050006,B02,20226587,220606G31,AB,TRUE,FALSE,Missing Cell,A02
6/13/2022 22:13,G4B1N69046390006,B15,20499619,220608G42,AB,TRUE,FALSE,Missing Cell,A15
6/13/2022 22:16,G432N69052070006,B15,20617416,220608G42,AB,TRUE,FALSE,Missing Cell,A15
6/13/2022 22:17,G493N69303570006,B15,20620481,220608G43,AB,TRUE,FALSE,Missing Cell,A15
6/13/2022 22:32,G352N66648220006,B05,20441133,220606G31,AB,TRUE,FALSE,Missing Cell,A05
6/13/2022 22:50,G384N68837400006,B04,20196646,220608G31,AB,TRUE,FALSE,Missing Cell,A04
6/13/2022 22:55,G374N69220410006,A01,20457340,220608G33,AB,TRUE,FALSE,G371N69220430006,B01
6/13/2022 22:55,G3E4N69214370006,A02,20457340,220608G33,AB,TRUE,FALSE,G384N69213320006,B02
6/13/2022 22:55,G371N69228360006,A03,20457340,220608G33,AB,TRUE,FALSE,G3B4N69219200006,B03
6/13/2022 22:55,G323N69224570006,A04,20457340,220608G33,AB,TRUE,FALSE,G3C4N69216310006,B04
6/13/2022 22:55,G3A1N69221320006,A05,20457340,220608G33,AB,TRUE,FALSE,G373N69219360006,B05
6/13/2022 22:55,G3E4N69215210006,A06,20457340,220608G33,AB,TRUE,FALSE,G352N69228030006,B06
6/13/2022 22:55,G3A3N69221110006,A07,20457340,220608G33,AB,TRUE,FALSE,G3B3N69220430006,B07
6/13/2022 22:55,G324N69225330006,A08,20457340,220608G33,AB,TRUE,FALSE,G393N69221180006,B08
6/13/2022 22:55,G322N69226540006,A09,20457340,220608G33,AB,TRUE,FALSE,G393N69222360006,B09
6/13/2022 22:55,G391N69222220006,A10,20457340,220608G33,AB,TRUE,FALSE,G3B1N69221380006,B10
6/13/2022 22:55,G352N69226450006,A11,20457340,220608G33,AB,TRUE,FALSE,G3B3N69219180006,B11
6/13/2022 22:55,G353N69226130006,A12,20457340,220608G33,AB,TRUE,FALSE,G3A1N69220000006,B12
6/13/2022 22:55,G3A1N69222140006,A13,20457340,220608G33,AB,TRUE,FALSE,G3A2N69221340006,B13
6/13/2022 22:55,G3A3N69222350006,A14,20457340,220608G33,AB,TRUE,FALSE,G374N69230570006,B14
6/13/2022 22:55,G382N69213450006,A15,20457340,220608G33,AB,TRUE,FALSE,G3C3N69216580006,B15
6/13/2022 22:55,G324N69225500006,A16,20457340,220608G33,AB,TRUE,FALSE,G391N69221430006,B16
6/13/2022 22:55,G371N69220430006,B01,20457340,220608G33,AB,TRUE,FALSE,G374N69220410006,A01
6/13/2022 22:55,G384N69213320006,B02,20457340,220608G33,AB,TRUE,FALSE,G3E4N69214370006,A02
6/13/2022 22:55,G3B4N69219200006,B03,20457340,220608G33,AB,TRUE,FALSE,G371N69228360006,A03
6/13/2022 22:55,G3C4N69216310006,B04,20457340,220608G33,AB,TRUE,FALSE,G323N69224570006,A04
6/13/2022 22:55,G373N69219360006,B05,20457340,220608G33,AB,TRUE,FALSE,G3A1N69221320006,A05
6/13/2022 22:55,G352N69228030006,B06,20457340,220608G33,AB,TRUE,FALSE,G3E4N69215210006,A06
6/13/2022 22:55,G3B3N69220430006,B07,20457340,220608G33,AB,TRUE,FALSE,G3A3N69221110006,A07
6/13/2022 22:55,G393N69221180006,B08,20457340,220608G33,AB,TRUE,FALSE,G324N69225330006,A08
6/13/2022 22:55,G393N69222360006,B09,20457340,220608G33,AB,TRUE,FALSE,G322N69226540006,A09
6/13/2022 22:55,G3B1N69221380006,B10,20457340,220608G33,AB,TRUE,FALSE,G391N69222220006,A10
6/13/2022 22:55,G3B3N69219180006,B11,20457340,220608G33,AB,TRUE,FALSE,G352N69226450006,A11
6/13/2022 22:55,G3A1N69220000006,B12,20457340,220608G33,AB,TRUE,FALSE,G353N69226130006,A12
6/13/2022 22:55,G3A2N69221340006,B13,20457340,220608G33,AB,TRUE,FALSE,G3A1N69222140006,A13
6/13/2022 22:55,G374N69230570006,B14,20457340,220608G33,AB,TRUE,FALSE,G3A3N69222350006,A14
6/13/2022 22:55,G3C3N69216580006,B15,20457340,220608G33,AB,TRUE,FALSE,G382N69213450006,A15
6/13/2022 22:55,G391N69221430006,B16,20457340,220608G33,AB,TRUE,FALSE,G324N69225500006,A16
6/13/2022 23:05,G352N66650490006,A08,20560693,220606G31,AB,TRUE,FALSE,Missing Cell,B08
6/13/2022 23:09,G344N66538410006,B03,20048555,220606G31,AB,TRUE,FALSE,Missing Cell,A03
6/13/2022 23:11,G3E3N66A32120006,B03,20415103,220606G31,AB,TRUE,FALSE,Missing Cell,A03
6/13/2022 23:21,G3C2N68D03500006,A15,20385327,220608G31,AB,TRUE,FALSE,Missing Cell,B15
6/13/2022 23:21,G354N68D26340006,B06,20385327,220608G31,AB,TRUE,FALSE,Missing Cell,A06
6/13/2022 23:26,G3A4N66941240006,B01,20521581,220606G31,AB,TRUE,FALSE,Missing Cell,A01
6/13/2022 23:31,G313N66946160006,A05,20783519,220606G31,AB,TRUE,FALSE,Missing Cell,B05
6/13/2022 23:31,G361N66A27300006,B09,20783519,220606G31,AB,TRUE,FALSE,Missing Cell,A09
6/13/2022 23:32,G3A4N66A05250006,B03,20127081,220606G31,AB,TRUE,FALSE,Missing Cell,A03
6/13/2022 23:35,G322N66A12010006,B08,20773085,220606G31,AB,TRUE,FALSE,Missing Cell,A08
6/13/2022 23:35,G351N66A21570006,A04,20773085,220606G31,AB,TRUE,FALSE,Missing Cell,B04
6/13/2022 23:35,G334N66A01360006,A07,20773085,220606G31,AB,TRUE,FALSE,Missing Cell,B07
6/13/2022 23:39,G324N69407090006,B10,20339122,220608G33,AB,TRUE,FALSE,Missing Cell,A10
6/13/2022 23:44,G372N66940260006,B03,20077897,220606G31,AB,TRUE,FALSE,Missing Cell,A03
6/13/2022 23:46,G313N66948440006,B01,20233367,220606G31,AB,TRUE,FALSE,Missing Cell,A01
6/13/2022 23:52,G352N66941280006,B03,20061436,220606G31,AB,TRUE,FALSE,Missing Cell,A03
6/13/2022 23:52,G313N66937430006,B06,20061436,220606G31,AB,TRUE,FALSE,Missing Cell,A06
6/13/2022 23:56,G331N66958220006,B14,20173842,220606G31,AB,TRUE,FALSE,Missing Cell,A14
6/14/2022 0:00,G312N66B13420006,B12,20065247,220606G31,AB,TRUE,FALSE,G372N66B18470006,A12
6/14/2022 0:08,G341N66632570006,B12,21017589,220606G31,AB,TRUE,FALSE,Missing Cell,A12
6/14/2022 0:18,G394N66834200006,B01,20450749,220606G31,AB,TRUE,FALSE,Missing Cell,A01
6/14/2022 0:22,G323N66E39170006,A09,20530663,220606G31,AB,TRUE,FALSE,Missing Cell,B09
6/14/2022 0:25,G3E2N66940550006,B14,20344573,220606G31,AB,TRUE,FALSE,Missing Cell,A14
6/14/2022 0:28,G3C4N66942220006,A04,21039567,220606G31,AB,TRUE,FALSE,Missing Cell,B04
6/14/2022 0:29,G364N66E46580006,B03,20260604,220606G31,AB,TRUE,FALSE,Missing Cell,A03
6/14/2022 0:34,G3D1N66359520006,A15,20261661,220606G31,AB,TRUE,FALSE,Missing Cell,B15
6/14/2022 0:34,G342N66422500006,B06,20261661,220606G31,AB,TRUE,FALSE,Missing Cell,A06
6/14/2022 0:36,G3A4N66E39540006,B04,20385404,220606G31,AB,TRUE,FALSE,Missing Cell,A04
6/14/2022 0:42,G343N66A20470006,A01,20165735,220606G31,AB,TRUE,FALSE,Missing Cell,B01
6/14/2022 0:44,G371N66A26090006,A03,21005714,220606G31,AB,TRUE,FALSE,Missing Cell,B03
6/14/2022 0:44,G374N66A25570006,A07,21005714,220606G31,AB,TRUE,FALSE,Missing Cell,B07
6/14/2022 0:46,G313N66A42410006,B03,20739440,220606G31,AB,TRUE,FALSE,Missing Cell,A03
6/14/2022 1:01,G3D3N66426460006,B03,20621933,220606G31,AB,TRUE,FALSE,Missing Cell,A03
6/14/2022 1:10,G334N66415190006,B11,20383734,220606G31,AB,TRUE,FALSE,Missing Cell,A11
6/14/2022 1:10,G372N66418470006,B12,20383734,220606G31,AB,TRUE,FALSE,Missing Cell,A12
6/14/2022 1:10,G332N66416490006,B10,20383734,220606G31,AB,TRUE,FALSE,Missing Cell,A10
6/14/2022 1:10,G362N66422070006,B04,20383734,220606G31,AB,TRUE,FALSE,Missing Cell,A04
6/14/2022 1:11,G3E2N66940380006,B07,20691412,220606G31,AB,TRUE,FALSE,Missing Cell,A07
6/14/2022 1:17,G3E1N69538040006,A02,20459844,220609G31,AB,TRUE,FALSE,Missing Cell,B02
6/14/2022 1:20,G352N69434360006,B02,20749704,220609G31,AB,TRUE,FALSE,Missing Cell,A02
6/14/2022 1:24,G361N66F41550006,A08,21021191,220606G31,AB,TRUE,FALSE,Missing Cell,B08
6/14/2022 1:27,G364N66F45000006,B03,21050530,220606G31,AB,TRUE,FALSE,Missing Cell,A03
6/14/2022 1:28,G3B3N66F42530006,B03,20747164,220606G31,AB,TRUE,FALSE,Missing Cell,A03
6/14/2022 1:37,G3A2N69518030006,B14,20725300,220609G31,AB,TRUE,FALSE,Missing Cell,A14
6/14/2022 1:59,G3D4N69516310006,A02,20659835,220609G31,AB,TRUE,FALSE,Missing Cell,B02
6/14/2022 2:06,G424N69417410006,A07,20038645,220608G43,AB,TRUE,FALSE,Missing Cell,B07
6/14/2022 2:09,G3E3N66426540006,B04,20734011,220606G31,AB,TRUE,FALSE,Missing Cell,A04
6/14/2022 2:09,G352N66437510006,B10,20734011,220606G31,AB,TRUE,FALSE,Missing Cell,A10
6/14/2022 2:30,G332N69414440006,A04,20768424,220609G31,AB,TRUE,FALSE,Missing Cell,B04
6/14/2022 2:35,G3D2N69352370006,B14,20739596,220609G31,AB,TRUE,FALSE,Missing Cell,A14
6/14/2022 2:47,G352N69512430006,A15,20815811,220609G31,AB,TRUE,FALSE,G3A2N69454350006,B15
6/14/2022 3:28,G334N69B14130006,B14,20691252,220609G31,AB,TRUE,FALSE,Missing Cell,A14
6/14/2022 3:29,G392N69D33510006,A14,21040795,220609G31,AB,TRUE,FALSE,G344N69D39560006,B14
6/14/2022 3:40,G3A3N69C35240006,B14,20640499,220609G31,AB,TRUE,FALSE,Missing Cell,A14
6/14/2022 3:44,G381N69C04060006,A04,20779923,220609G31,AB,TRUE,FALSE,Missing Cell,B04
6/14/2022 3:57,G3A1N66E20360006,B03,20104742,220606G31,AB,TRUE,FALSE,Missing Cell,A03
6/14/2022 4:05,G392N66B44040006,B02,21001576,220606G31,AB,TRUE,FALSE,Missing Cell,A02
6/14/2022 4:08,G314N66E25510006,B03,20689944,220606G31,AB,TRUE,FALSE,Missing Cell,A03
6/14/2022 4:10,G344N66A05330006,B16,20773014,220606G31,AB,TRUE,FALSE,Missing Cell,A16
6/14/2022 4:10,G3E2N66953170006,B15,20773014,220606G31,AB,TRUE,FALSE,Missing Cell,A15
6/14/2022 4:22,G354N66G01480006,B03,20654918,220606G31,AB,TRUE,FALSE,Missing Cell,A03
6/14/2022 4:27,G314N66B43580006,B03,20755628,220606G31,AB,TRUE,FALSE,Missing Cell,A03
6/14/2022 4:33,G3B4N69441540006,A04,20287691,220609G31,AB,TRUE,FALSE,Missing Cell,B04
6/14/2022 4:37,G332N66436330006,B14,21052980,220606G31,AB,TRUE,FALSE,Missing Cell,A14
6/14/2022 4:56,G3C3N66413190006,A01,20048448,220606G31,AB,TRUE,FALSE,Missing Cell,B01
6/14/2022 4:56,G351N66410180006,A03,20048448,220606G31,AB,TRUE,FALSE,Missing Cell,B03
6/14/2022 4:56,G363N66418080006,B08,20048448,220606G31,AB,TRUE,FALSE,Missing Cell,A08
6/14/2022 4:56,G364N66417270006,B13,20048448,220606G31,AB,TRUE,FALSE,Missing Cell,A13
6/14/2022 5:06,G443N69542380006,A10,20457574,220609G41,AB,TRUE,FALSE,Missing Cell,B10
6/14/2022 5:14,G493N69445250006,B15,21053343,220609G41,AB,TRUE,FALSE,Missing Cell,A15
6/14/2022 5:14,G4E4N69335140006,B14,21053343,220609G41,AB,TRUE,FALSE,Missing Cell,A14
6/14/2022 5:14,G424N69449150006,B13,21053343,220609G41,AB,TRUE,FALSE,Missing Cell,A13
6/14/2022 5:14,G491N69444310006,B12,21053343,220609G41,AB,TRUE,FALSE,Missing Cell,A12
6/14/2022 5:14,G481N69443020006,B11,21053343,220609G41,AB,TRUE,FALSE,Missing Cell,A11
6/14/2022 5:14,G443N69444430006,B16,21053343,220609G41,AB,TRUE,FALSE,Missing Cell,A16
6/14/2022 5:14,G493N69446060006,B09,21053343,220609G41,AB,TRUE,FALSE,Missing Cell,A09
6/14/2022 5:14,G464N69450330006,B08,21053343,220609G41,AB,TRUE,FALSE,Missing Cell,A08
6/14/2022 5:14,G4C3N69441590006,B07,21053343,220609G41,AB,TRUE,FALSE,Missing Cell,A07
6/14/2022 5:14,G444N69441160006,B06,21053343,220609G41,AB,TRUE,FALSE,Missing Cell,A06
6/14/2022 5:14,G441N69441180006,B05,21053343,220609G41,AB,TRUE,FALSE,Missing Cell,A05
6/14/2022 5:14,G444N69441420006,B10,21053343,220609G41,AB,TRUE,FALSE,Missing Cell,A10
6/14/2022 5:24,G391N66943360006,B03,20403436,220606G31,AB,TRUE,FALSE,Missing Cell,A03
6/14/2022 5:36,G494N69642320006,A07,20790733,220609G41,AB,TRUE,FALSE,Missing Cell,B07
6/14/2022 5:36,G463N69648340006,A04,20790733,220609G41,AB,TRUE,FALSE,Missing Cell,B04
6/14/2022 5:37,G3D2N66404570006,A06,21036541,220606G31,AB,TRUE,FALSE,Missing Cell,B06
6/14/2022 5:37,G343N66411310006,A11,21036541,220606G31,AB,TRUE,FALSE,Missing Cell,B11
6/14/2022 5:37,G332N66410230006,B05,21036541,220606G31,AB,TRUE,FALSE,Missing Cell,A05
6/14/2022 5:40,G3A1N66406580006,B05,20586321,220606G31,AB,TRUE,FALSE,Missing Cell,A05
6/14/2022 5:40,G343N66409080006,B03,20586321,220606G31,AB,TRUE,FALSE,Missing Cell,A03
6/14/2022 5:40,G391N66408530006,B02,20586321,220606G31,AB,TRUE,FALSE,Missing Cell,A02
6/14/2022 5:40,G364N66410520006,A16,20586321,220606G31,AB,TRUE,FALSE,Missing Cell,B16
6/14/2022 5:40,G3C3N66405320006,A04,20586321,220606G31,AB,TRUE,FALSE,Missing Cell,B04
6/14/2022 5:40,G3D3N66323510006,B08,20586321,220606G31,AB,TRUE,FALSE,Missing Cell,A08
6/14/2022 5:41,G3D4N66405020006,A02,20141081,220606G31,AB,TRUE,FALSE,Missing Cell,B02
6/14/2022 5:41,G3D1N66401570006,B06,20141081,220606G31,AB,TRUE,FALSE,Missing Cell,A06
6/14/2022 6:03,G3E4N69B56100006,B06,20726093,220609G31,AB,TRUE,FALSE,Missing Cell,A06
6/14/2022 6:05,G4C4N69B02140006,B09,20238896,220609G41,AB,TRUE,FALSE,Missing Cell,A09
6/14/2022 6:18,G412N69701370006,A11,20533375,220609G41,AB,TRUE,FALSE,Missing Cell,B11
6/14/2022 6:23,G363N69E58320006,A16,20557953,220609G31,AB,TRUE,FALSE,G394N69E51030006,B16
6/14/2022 6:26,G3E4N69E03520006,B03,20768659,220609G31,AB,TRUE,FALSE,Missing Cell,A03
6/14/2022 6:37,G493N69855050006,A15,20404596,220609G41,AB,TRUE,FALSE,Missing Cell,B15
6/14/2022 6:52,G453N69740050006,B12,20490028,220609G41,AB,TRUE,FALSE,Missing Cell,A12
6/14/2022 6:55,G3A1N69449470006,B01,20362881,220609G31,AB,TRUE,FALSE,Missing Cell,A01
6/14/2022 7:03,G381N69539560006,A05,20814501,220609G31,AB,TRUE,FALSE,Missing Cell,B05
6/14/2022 7:27,G441N69B49250006,A10,20433267,220609G41,AB,TRUE,FALSE,Missing Cell,B10
6/14/2022 7:30,G333N69B10070006,B14,21051828,220609G31,AB,TRUE,FALSE,Missing Cell,A14
6/14/2022 7:54,G474N69444290006,B15,20308038,220609G41,AB,TRUE,FALSE,Missing Cell,A15
6/14/2022 7:59,G484N69C43320006,A06,20442536,220609G41,AB,TRUE,FALSE,Missing Cell,B06
6/14/2022 8:06,G4B4N69440330006,A03,20817058,220609G41,AB,TRUE,FALSE,Missing Cell,B03
6/14/2022 10:07,G3D3N69F49300006,B06,20459247,220609G31,AB,TRUE,FALSE,Missing Cell,A06
6/14/2022 10:51,G4C4N69E55030006,B01,21020122,220609G41,AB,TRUE,FALSE,Missing Cell,A01
6/14/2022 11:08,G3D4N69D35080006,A06,20179246,220609G31,AB,TRUE,FALSE,Missing Cell,B06
6/14/2022 11:12,G4A2N69E58050006,A07,21042235,220609G41,AB,TRUE,FALSE,Missing Cell,B07
6/14/2022 11:29,G424N69707560006,B10,20636005,220609G41,AB,TRUE,FALSE,Missing Cell,A10
6/14/2022 11:52,G474N69C24070006,A10,20692300,220609G41,AB,TRUE,FALSE,Missing Cell,B10
6/14/2022 12:23,G392N69A05370006,B11,20621790,220609G31,AB,TRUE,FALSE,Missing Cell,A11
6/14/2022 12:23,G3B1N69951190006,B10,20621790,220609G31,AB,TRUE,FALSE,Missing Cell,A10
6/14/2022 12:23,G3D1N69A05140006,B13,20621790,220609G31,AB,TRUE,FALSE,Missing Cell,A13
6/14/2022 12:23,G351N69A27060006,B14,20621790,220609G31,AB,TRUE,FALSE,Missing Cell,A14
6/14/2022 12:23,G3D3N69956340006,B15,20621790,220609G31,AB,TRUE,FALSE,Missing Cell,A15
6/14/2022 12:23,G334N69A12070006,B16,20621790,220609G31,AB,TRUE,FALSE,Missing Cell,A16
6/14/2022 12:23,G364N69A12530006,B12,20621790,220609G31,AB,TRUE,FALSE,Missing Cell,A12
6/14/2022 12:23,G343N69A26570006,B09,20621790,220609G31,AB,TRUE,FALSE,Missing Cell,A09
6/14/2022 12:23,G343N69A27240006,B08,20621790,220609G31,AB,TRUE,FALSE,Missing Cell,A08
6/14/2022 12:23,G374N69A30290006,B07,20621790,220609G31,AB,TRUE,FALSE,Missing Cell,A07
6/14/2022 12:23,G3D4N69949240006,B06,20621790,220609G31,AB,TRUE,FALSE,Missing Cell,A06
6/14/2022 12:23,G312N69A15310006,B05,20621790,220609G31,AB,TRUE,FALSE,Missing Cell,A05
6/14/2022 12:26,G464N69G08110006,A01,20283198,220609G42,AB,TRUE,FALSE,Missing Cell,B01
6/14/2022 12:27,G4E1N69F48130006,B15,20541866,220609G42,AB,TRUE,FALSE,Missing Cell,A15
6/14/2022 12:51,G421N69F53550006,B15,20756206,220609G42,AB,TRUE,FALSE,Missing Cell,A15
6/14/2022 12:57,G4E3N69F50460006,B15,20528481,220609G42,AB,TRUE,FALSE,Missing Cell,A15
6/14/2022 13:06,G462N69D18260006,B15,20426695,220609G41,AB,TRUE,FALSE,Missing Cell,A15
6/14/2022 13:10,G352N69H10150006,B16,20308804,220609G32,AB,TRUE,FALSE,G3D4N69H02130006,A16
6/14/2022 13:28,G462N69H11090006,A03,20567214,220609G42,AB,TRUE,FALSE,G414N69H08590006,B03
6/14/2022 13:29,G471N69H11330006,B08,20540962,220609G42,AB,TRUE,FALSE,G411N69H08350006,A08
6/14/2022 13:30,G453N69G13340006,B15,20663198,220609G42,AB,TRUE,FALSE,Missing Cell,A15
6/14/2022 13:47,G441N69J08320006,B12,20300865,220609G42,AB,TRUE,FALSE,Missing Cell,A12
6/14/2022 13:59,G383N69H25450006,A12,20298108,220609G32,AB,TRUE,FALSE,Missing Cell,B12
6/14/2022 14:11,G3D3N69D53330006,A06,21011558,220609G31,AB,TRUE,FALSE,Missing Cell,B06
6/14/2022 14:13,G3B1N69B09120006,A01,20431833,220609G31,AB,TRUE,FALSE,Missing Cell,B01
6/14/2022 14:14,G354N69A28330006,B11,20459174,220609G31,AB,TRUE,FALSE,Missing Cell,A11
6/14/2022 14:14,G342N69A32360006,B10,20459174,220609G31,AB,TRUE,FALSE,Missing Cell,A10
6/14/2022 14:14,G341N69A32340006,B09,20459174,220609G31,AB,TRUE,FALSE,Missing Cell,A09
6/14/2022 14:14,G3D4N69A09190006,B08,20459174,220609G31,AB,TRUE,FALSE,Missing Cell,A08
6/14/2022 14:14,G3A2N69A16570006,B07,20459174,220609G31,AB,TRUE,FALSE,Missing Cell,A07
6/14/2022 14:14,G393N69A07570006,B15,20459174,220609G31,AB,TRUE,FALSE,Missing Cell,A15
6/14/2022 14:14,G3D1N69A10050006,B05,20459174,220609G31,AB,TRUE,FALSE,Missing Cell,A05
6/14/2022 14:14,G374N69A34460006,B16,20459174,220609G31,AB,TRUE,FALSE,Missing Cell,A16
6/14/2022 14:14,G393N69954540006,B12,20459174,220609G31,AB,TRUE,FALSE,Missing Cell,A12
6/14/2022 14:14,G351N69A31010006,B13,20459174,220609G31,AB,TRUE,FALSE,Missing Cell,A13
6/14/2022 14:14,G343N69A31110006,B14,20459174,220609G31,AB,TRUE,FALSE,Missing Cell,A14
6/14/2022 14:14,G311N69A29390006,B06,20459174,220609G31,AB,TRUE,FALSE,Missing Cell,A06
6/14/2022 14:38,G3E2N69H08240006,B14,20687390,220609G32,AB,TRUE,FALSE,Missing Cell,A14
6/14/2022 15:04,G3C3N69J30580006,B03,20257020,220609G32,AB,TRUE,FALSE,Missing Cell,A03
6/14/2022 15:35,G412N69H32400006,A02,20151552,220609G42,AB,TRUE,FALSE,Missing Cell,B02
6/14/2022 15:35,G4B2N69H27490006,B15,20151552,220609G42,AB,TRUE,FALSE,Missing Cell,A15
6/14/2022 16:01,G443N69H34520006,B05,20231212,220609G42,AB,TRUE,FALSE,Missing Cell,A05
6/14/2022 16:12,G4D4N69J27420006,A10,20419146,220609G42,AB,TRUE,FALSE,Missing Cell,B10
6/14/2022 16:20,G4B2N69H28480006,B15,20445839,220609G42,AB,TRUE,FALSE,Missing Cell,A15
6/14/2022 16:37,G3C4N69J35430006,A04,21018505,220609G32,AB,TRUE,FALSE,Missing Cell,B04
6/14/2022 16:38,G3D2N69J20090006,A08,20274843,220609G32,AB,TRUE,FALSE,Missing Cell,B08
6/14/2022 16:40,G394N69G31090006,B01,20341678,220609G32,AB,TRUE,FALSE,Missing Cell,A01
6/14/2022 17:04,G3B1N69L24470006,B01,20104520,220609G32,AB,TRUE,FALSE,Missing Cell,A01
6/14/2022 17:53,G453N69M11350006,A15,20611621,220609G42,AB,TRUE,FALSE,G443N69M11190006,B15
6/14/2022 18:08,G331N69N47530006,B07,20582356,220609G32,AB,TRUE,FALSE,Missing Cell,A07
6/14/2022 18:13,G344N69P44400006,A06,20607433,220609G32,AB,TRUE,FALSE,Missing Cell,B06
6/14/2022 18:46,G384N69K39370006,B01,20724732,220609G32,AB,TRUE,FALSE,Missing Cell,A01
6/14/2022 18:52,G484N69N08470006,A16,20001021,220609G42,AB,TRUE,FALSE,Missing Cell,B16
6/14/2022 19:08,G3E1N69M13330006,B04,20288872,220609G32,AB,TRUE,FALSE,Missing Cell,A04
6/14/2022 19:19,G3A4N69P08010006,B01,20295501,220609G32,AB,TRUE,FALSE,Missing Cell,A01
6/14/2022 19:19,G3A4N69P04090006,B14,20295501,220609G32,AB,TRUE,FALSE,Missing Cell,A14
6/14/2022 19:43,G392N69M39260006,B14,20000560,220609G32,AB,TRUE,FALSE,Missing Cell,A14
6/14/2022 19:44,G3E2N6A137360006,B14,20308900,220609G32,AB,TRUE,FALSE,Missing Cell,A14
6/14/2022 19:55,G322N69M16590006,A06,20375834,220609G32,AB,TRUE,FALSE,Missing Cell,B06
6/14/2022 20:13,G341N6A232170006,A15,21016672,220609G32,AB,TRUE,FALSE,Missing Cell,B15
6/14/2022 20:22,G331N69P16410006,B01,20665916,220609G32,AB,TRUE,FALSE,Missing Cell,A01
6/14/2022 20:27,G4E3N69P13330006,A10,20432130,220609G42,AB,TRUE,FALSE,Missing Cell,B10
6/14/2022 20:35,G3E2N69K38390006,B01,20455459,220609G32,AB,TRUE,FALSE,Missing Cell,A01
6/14/2022 20:45,G384N69M35570006,A11,20412107,220609G32,AB,TRUE,FALSE,Missing Cell,B11
6/14/2022 21:28,G3B1N6A216590006,B16,20337462,220609G32,AB,TRUE,FALSE,Missing Cell,A16
6/14/2022 21:35,G381N6A152460006,A04,20785780,220609G32,AB,TRUE,FALSE,Missing Cell,B04
6/14/2022 21:49,G394N6A105450006,B05,20138152,220609G32,AB,TRUE,FALSE,Missing Cell,A05
6/14/2022 22:15,G3E3N69P54030006,B15,20167686,220609G32,AB,TRUE,FALSE,Missing Cell,A15
6/14/2022 22:48,G3D2N69N43530006,A04,20730064,220609G32,AB,TRUE,FALSE,Missing Cell,B04
6/14/2022 22:53,G4A1N6A150510006,B09,21024935,220609G43,AB,TRUE,FALSE,Missing Cell,A09
6/15/2022 0:31,G393N6A454330006,B01,21009404,220610G31,AB,TRUE,FALSE,Missing Cell,A01
6/15/2022 0:33,G482N6A140260006,A08,21032231,220609G43,AB,TRUE,FALSE,Missing Cell,B08
6/15/2022 1:03,G354N6A954520006,B14,20109225,220610G31,AB,TRUE,FALSE,Missing Cell,A14
6/15/2022 1:10,G311N6A930470006,B14,21050160,220610G31,AB,TRUE,FALSE,Missing Cell,A14
6/15/2022 1:13,G392N6A450440006,B01,20267281,220610G31,AB,TRUE,FALSE,Missing Cell,A01
6/15/2022 1:18,G3C1N6AA16500006,B14,20286677,220610G31,AB,TRUE,FALSE,Missing Cell,A14
6/15/2022 1:29,G331N6AA30100006,B01,20660339,220610G31,AB,TRUE,FALSE,Missing Cell,A01
6/15/2022 1:51,G481N6A653310006,B08,20273665,220610G41,AB,TRUE,FALSE,Missing Cell,A08
6/15/2022 1:51,G4E3N6A613140006,B09,20273665,220610G41,AB,TRUE,FALSE,Missing Cell,A09
6/15/2022 1:51,G463N6A700260006,B10,20273665,220610G41,AB,TRUE,FALSE,Missing Cell,A10
6/15/2022 1:51,G413N6A705030006,B11,20273665,220610G41,AB,TRUE,FALSE,Missing Cell,A11
6/15/2022 1:51,G422N6A707270006,B12,20273665,220610G41,AB,TRUE,FALSE,Missing Cell,A12
6/15/2022 1:51,G411N6A655460006,B13,20273665,220610G41,AB,TRUE,FALSE,Missing Cell,A13
6/15/2022 1:51,G442N6A651530006,B05,20273665,220610G41,AB,TRUE,FALSE,Missing Cell,A05
6/15/2022 1:51,G4E2N6A611310006,B06,20273665,220610G41,AB,TRUE,FALSE,Missing Cell,A06
6/15/2022 1:51,G482N6A653510006,B07,20273665,220610G41,AB,TRUE,FALSE,Missing Cell,A07
6/15/2022 1:51,G4A2N6A650430006,B16,20273665,220610G41,AB,TRUE,FALSE,Missing Cell,A16
6/15/2022 1:51,G413N6A657350006,B15,20273665,220610G41,AB,TRUE,FALSE,Missing Cell,A15
6/15/2022 1:51,G4C3N6A647550006,B14,20273665,220610G41,AB,TRUE,FALSE,Missing Cell,A14
6/15/2022 1:59,G4B3N69430530006,A01,20750704,220609G41,AB,TRUE,FALSE,Missing Cell,B01
6/15/2022 2:04,G443N6A445040006,A10,20756828,220610G41,AB,TRUE,FALSE,Missing Cell,B10
6/15/2022 2:06,G4E3N6A440110006,B03,20648739,220610G41,AB,TRUE,FALSE,G432N6A449260006,A03
6/15/2022 2:28,G3B2N6A444440006,B01,20625721,220610G31,AB,TRUE,FALSE,Missing Cell,A01
6/15/2022 3:11,G332N6A623050006,A04,20684575,220610G31,AB,TRUE,FALSE,Missing Cell,B04
6/15/2022 3:16,G464N6A503160006,B15,20589974,220610G41,AB,TRUE,FALSE,Missing Cell,A15
6/15/2022 3:21,G3B4N6AB19060006,A16,20388141,220610G31,AB,TRUE,FALSE,Missing Cell,B16
6/15/2022 3:30,G432N6AC21100006,B11,20727656,220610G41,AB,TRUE,FALSE,Missing Cell,A11
6/15/2022 4:11,G351N6A417140006,B06,20049527,220610G31,AB,TRUE,FALSE,Missing Cell,A06
6/15/2022 4:18,G332N6A801300006,A10,20316286,220610G31,AB,TRUE,FALSE,Missing Cell,B10
6/15/2022 4:25,G411N6AE47030006,B15,20734308,220610G41,AB,TRUE,FALSE,Missing Cell,A15
6/15/2022 4:29,G453N6A511580006,B15,20440429,220610G41,AB,TRUE,FALSE,Missing Cell,A15
6/15/2022 5:04,G4D4N6AD37270006,A04,20069720,220610G41,AB,TRUE,FALSE,Missing Cell,B04
6/15/2022 5:08,G333N6AG59530006,B06,20274569,220610G31,AB,TRUE,FALSE,Missing Cell,A06
6/15/2022 5:21,G313N6AA03440006,B02,20008344,220610G31,AB,TRUE,FALSE,Missing Cell,A02
6/15/2022 5:47,G441N6A620060006,A12,20697306,220610G41,AB,TRUE,FALSE,Missing Cell,B12
6/15/2022 6:12,G3A2N6AA49320006,B03,20587256,220610G31,AB,TRUE,FALSE,Missing Cell,A03
6/15/2022 6:45,G484N6A634370006,B15,20403071,220610G41,AB,TRUE,FALSE,Missing Cell,A15
6/15/2022 6:47,G424N6A631490006,A13,20698378,220610G41,AB,TRUE,FALSE,Missing Cell,B13
6/15/2022 6:47,G412N6A631140006,B14,20698378,220610G41,AB,TRUE,FALSE,Missing Cell,A14
6/15/2022 6:48,G431N6A637440006,A16,20682564,220610G41,AB,TRUE,FALSE,Missing Cell,B16
6/15/2022 7:00,G4C2N6A621590006,A02,20620994,220610G41,AB,TRUE,FALSE,Missing Cell,B02
6/15/2022 7:01,G433N6A626490006,B15,20669423,220610G41,AB,TRUE,FALSE,Missing Cell,A15
6/15/2022 7:06,G3E4N6AB47250006,A04,20707041,220610G31,AB,TRUE,FALSE,Missing Cell,B04
6/15/2022 7:41,G4D2N6AE16370006,B15,20776923,220610G41,AB,TRUE,FALSE,Missing Cell,A15
6/15/2022 8:20,G443N6AF48340006,A04,20698157,220610G41,AB,TRUE,FALSE,G4B4N6AF43280006,B04
6/15/2022 9:01,G4D3N69416050006,B05,20302359,220609G41,AB,TRUE,FALSE,Missing Cell,A05
6/15/2022 9:01,G4E4N69422010006,B06,20302359,220609G41,AB,TRUE,FALSE,Missing Cell,A06
6/15/2022 9:01,G4C3N69423050006,B07,20302359,220609G41,AB,TRUE,FALSE,Missing Cell,A07
6/15/2022 9:01,G444N69434500006,B08,20302359,220609G41,AB,TRUE,FALSE,Missing Cell,A08
6/15/2022 9:01,G421N69433450006,B16,20302359,220609G41,AB,TRUE,FALSE,Missing Cell,A16
6/15/2022 9:01,G481N69423080006,B09,20302359,220609G41,AB,TRUE,FALSE,Missing Cell,A09
6/15/2022 9:01,G4E4N69420200006,B14,20302359,220609G41,AB,TRUE,FALSE,Missing Cell,A14
6/15/2022 9:01,G4C2N69422190006,B13,20302359,220609G41,AB,TRUE,FALSE,Missing Cell,A13
6/15/2022 9:01,G472N69432400006,B12,20302359,220609G41,AB,TRUE,FALSE,Missing Cell,A12
6/15/2022 9:01,G4C1N69423530006,B11,20302359,220609G41,AB,TRUE,FALSE,Missing Cell,A11
6/15/2022 9:01,G451N69430560006,B10,20302359,220609G41,AB,TRUE,FALSE,Missing Cell,A10
6/15/2022 9:01,G491N69425390006,B15,20302359,220609G41,AB,TRUE,FALSE,Missing Cell,A15
6/15/2022 9:03,G4A1N6AJ02000006,B15,20572133,220610G41,AB,TRUE,FALSE,Missing Cell,A15
6/15/2022 9:13,G364N6AJ05490006,A08,20703515,220610G31,AB,TRUE,FALSE,Missing Cell,B08
6/15/2022 9:50,G474N6C042410006,B06,20254173,220611G43,AB,TRUE,FALSE,Missing Cell,A06
6/15/2022 10:03,G3E3N6AH21070006,B01,20280778,220610G31,AB,TRUE,FALSE,Missing Cell,A01
6/15/2022 10:21,G4A4N6C105210006,B08,20104068,220611G43,AB,TRUE,FALSE,Missing Cell,A08
6/15/2022 10:21,G414N6C109400006,B07,20104068,220611G43,AB,TRUE,FALSE,Missing Cell,A07
6/15/2022 10:21,G4D4N6C100110006,B06,20104068,220611G43,AB,TRUE,FALSE,Missing Cell,A06
6/15/2022 10:21,G4B3N6C059060006,B05,20104068,220611G43,AB,TRUE,FALSE,Missing Cell,A05
6/15/2022 10:21,G4D3N6C100260006,B16,20104068,220611G43,AB,TRUE,FALSE,Missing Cell,A16
6/15/2022 10:21,G4C2N6C107290006,B15,20104068,220611G43,AB,TRUE,FALSE,Missing Cell,A15
6/15/2022 10:21,G4E3N6C059040006,B10,20104068,220611G43,AB,TRUE,FALSE,Missing Cell,A10
6/15/2022 10:21,G4B3N6C104510006,B11,20104068,220611G43,AB,TRUE,FALSE,Missing Cell,A11
6/15/2022 10:21,G421N6C110110006,B12,20104068,220611G43,AB,TRUE,FALSE,Missing Cell,A12
6/15/2022 10:21,G474N6C110500006,B13,20104068,220611G43,AB,TRUE,FALSE,Missing Cell,A13
6/15/2022 10:21,G432N6C109140006,B14,20104068,220611G43,AB,TRUE,FALSE,Missing Cell,A14
6/15/2022 10:21,G4E1N6C059000006,B09,20104068,220611G43,AB,TRUE,FALSE,Missing Cell,A09
6/15/2022 10:27,G451N6AK34130006,A08,20785389,220610G41,AB,TRUE,FALSE,Missing Cell,B08
6/15/2022 10:38,G373N6AG24030006,A07,20233874,220610G31,AB,TRUE,FALSE,Missing Cell,B07
6/15/2022 11:02,G4A2N6C133230006,B01,20765942,220611G43,AB,TRUE,FALSE,Missing Cell,A01
6/15/2022 11:09,G4A2N6C207380006,B01,20660307,220611G43,AB,TRUE,FALSE,Missing Cell,A01
6/15/2022 11:31,G382N6AK38390006,B01,20403327,220610G32,AB,TRUE,FALSE,Missing Cell,A01
6/15/2022 11:34,G394N6AL37170006,A04,20561921,220610G32,AB,TRUE,FALSE,Missing Cell,B04
6/15/2022 11:52,G3E1N6AL03430006,B06,20646892,220610G32,AB,TRUE,FALSE,Missing Cell,A06
6/15/2022 12:07,G3D2N6AJ04360006,B02,21006230,220610G31,AB,TRUE,FALSE,Missing Cell,A02
6/15/2022 12:19,G3D2N6AK09140006,B01,20541686,220610G32,AB,TRUE,FALSE,Missing Cell,A01
6/15/2022 12:39,G3E1N6AM45430006,B10,21048884,220610G32,AB,TRUE,FALSE,Missing Cell,A10
6/15/2022 12:51,G481N6AK52290006,A01,20776466,220610G42,AB,TRUE,FALSE,Missing Cell,B01
6/15/2022 13:22,G483N6AM14370006,A09,20399785,220610G42,AB,TRUE,FALSE,Missing Cell,B09
6/15/2022 14:16,G3B2N6AK18060006,B14,20400835,220610G32,AB,TRUE,FALSE,Missing Cell,A14
6/15/2022 15:17,G434N6AN59410006,A10,20411715,220610G42,AB,TRUE,FALSE,Missing Cell,B10
6/15/2022 15:39,G414N6B029440006,B11,20103594,220610G42,AB,TRUE,FALSE,Missing Cell,A11
6/15/2022 15:53,G4D3N6AP33140006,A15,20645387,220610G42,AB,TRUE,FALSE,G4A2N6AP37520006,B15
6/15/2022 16:33,G4D4N6AL23430006,A10,20321430,220610G42,AB,TRUE,FALSE,Missing Cell,B10
6/15/2022 17:18,G4D3N6AM30420006,B15,20813524,220610G42,AB,TRUE,FALSE,Missing Cell,A15
6/15/2022 17:22,G3C4N6AM37210006,A04,20641536,220610G32,AB,TRUE,FALSE,Missing Cell,B04
6/15/2022 17:31,G332N6AP37320006,B14,20364247,220610G32,AB,TRUE,FALSE,Missing Cell,A14
6/15/2022 17:35,G4C1N6B025060006,B07,20697372,220610G42,AB,TRUE,FALSE,Missing Cell,A07
6/15/2022 17:35,G4E1N6B022260006,B09,20697372,220610G42,AB,TRUE,FALSE,Missing Cell,A09
6/15/2022 17:38,G4D4N6B022570006,A12,20138353,220610G42,AB,TRUE,FALSE,Missing Cell,B12
6/15/2022 17:38,G4A4N6B027210006,A11,20138353,220610G42,AB,TRUE,FALSE,Missing Cell,B11
6/15/2022 17:38,G442N6B041360006,B01,20138353,220610G42,AB,TRUE,FALSE,Missing Cell,A01
6/15/2022 17:41,G414N6B035050006,A11,20612699,220610G42,AB,TRUE,FALSE,Missing Cell,B11
6/15/2022 17:49,G332N6AP09360006,A02,21000407,220610G32,AB,TRUE,FALSE,Missing Cell,B02
6/15/2022 18:09,G441N6AN06230006,A04,20140371,220610G42,AB,TRUE,FALSE,Missing Cell,B04
6/15/2022 18:16,G474N6B007270006,B02,20667769,220610G42,AB,TRUE,FALSE,Missing Cell,A02
6/15/2022 18:27,G3E2N6B042520006,A04,20539878,220610G32,AB,TRUE,FALSE,Missing Cell,B04
6/15/2022 18:54,G3B1N6B155420006,B02,20457137,220610G32,AB,TRUE,FALSE,Missing Cell,A02
6/15/2022 18:56,G392N6B217540006,A04,20321385,220610G32,AB,TRUE,FALSE,Missing Cell,B04
6/15/2022 19:04,G473N6B251360006,A06,20377160,220610G42,AB,TRUE,FALSE,Missing Cell,B06
6/15/2022 19:22,G354N6B213070006,B06,20678938,220610G32,AB,TRUE,FALSE,Missing Cell,A06
6/15/2022 19:33,G3A3N6B224520006,A09,20307975,220610G32,AB,TRUE,FALSE,Missing Cell,B09
6/15/2022 19:35,G363N6B209050006,A04,20615933,220610G32,AB,TRUE,FALSE,Missing Cell,B04
6/15/2022 19:41,G3A1N6B352030006,B01,20650098,220610G32,AB,TRUE,FALSE,G3D4N6B346020006,A01
6/15/2022 19:53,G342N6B126350006,B03,20793381,220610G32,AB,TRUE,FALSE,Missing Cell,A03
6/15/2022 20:07,G3D3N6AA47090006,A16,21015244,220610G31,AB,TRUE,FALSE,Missing Cell,B16
6/15/2022 20:10,G362N6AA59560006,A02,20599929,220610G31,AB,TRUE,FALSE,Missing Cell,B02
6/15/2022 20:30,G464N6AP57390006,A12,20689196,220610G42,AB,TRUE,FALSE,Missing Cell,B12
6/15/2022 20:55,G343N6B118120006,B14,20227435,220610G32,AB,TRUE,FALSE,Missing Cell,A14
6/15/2022 21:11,G361N6B154160006,A04,20713484,220610G32,AB,TRUE,FALSE,Missing Cell,B04
6/15/2022 21:17,G364N68749450006,B04,20608110,220608G31,AB,TRUE,FALSE,Missing Cell,A04
6/15/2022 21:22,G3B2N68758010006,B04,20748128,220608G31,AB,TRUE,FALSE,Missing Cell,A04
6/15/2022 21:26,G414N6B237070006,A03,20554799,220610G42,AB,TRUE,FALSE,Missing Cell,B03
6/15/2022 21:43,G3A3N6B201590006,A06,20208754,220610G32,AB,TRUE,FALSE,Missing Cell,B06
6/15/2022 21:45,G393N6B156140006,B02,20735499,220610G32,AB,TRUE,FALSE,Missing Cell,A02
6/16/2022 3:24,G444N6B821460006,B15,20502078,220611G41,AB,TRUE,FALSE,G4A1N6B815370006,A15
6/16/2022 3:28,G482N6B709450006,A09,20762129,220611G41,AB,TRUE,FALSE,G442N6B712070006,B09
6/16/2022 9:40,G361N6BB46250006,B02,20561122,220611G31,AB,TRUE,FALSE,Missing Cell,A02
6/16/2022 9:58,G324N6BD15470006,B15,20619795,220611G31,AB,TRUE,FALSE,G323N6BD16190006,A15
6/16/2022 10:06,G484N6BB36480006,B15,20609784,220611G41,AB,TRUE,FALSE,Missing Cell,A15
6/16/2022 10:39,G4A1N6BE55370006,B09,20663408,220611G42,AB,TRUE,FALSE,Missing Cell,A09
6/16/2022 10:52,G463N6BF09490006,A10,20590754,220611G42,AB,TRUE,FALSE,Missing Cell,B10
6/16/2022 10:54,G423N6BE59070006,A02,20816265,220611G42,AB,TRUE,FALSE,Missing Cell,B02
6/16/2022 11:03,G331N6BF52540006,A01,20055910,220611G32,AB,TRUE,FALSE,Missing Cell,B01
6/16/2022 11:14,G491N6BF38440006,B13,21008072,220611G42,AB,TRUE,FALSE,Missing Cell,A13
6/16/2022 11:30,G412N6BE38130006,B03,20210395,220611G42,AB,TRUE,FALSE,Missing Cell,A03
6/16/2022 11:44,G341N6BH15190006,B03,20708704,220611G32,AB,TRUE,FALSE,Missing Cell,A03
6/16/2022 11:53,G314N6BG53590006,A04,21057201,220611G32,AB,TRUE,FALSE,Missing Cell,B04
6/16/2022 12:03,G4E2N6BG57070006,A10,20580829,220611G42,AB,TRUE,FALSE,Missing Cell,B10
6/16/2022 13:27,G411N6BA32420006,B09,20218287,220611G41,AB,TRUE,FALSE,Missing Cell,A09
6/16/2022 13:39,G492N6BJ47090006,A10,20397883,220611G42,AB,TRUE,FALSE,Missing Cell,B10
6/16/2022 13:41,G482N6BK51020006,B09,20541833,220611G42,AB,TRUE,FALSE,Missing Cell,A09
6/16/2022 14:28,G4C4N6BN15240006,B15,20413277,220611G42,AB,TRUE,FALSE,Missing Cell,A15
6/16/2022 14:34,G384N6BJ26550006,B15,20672045,220611G32,AB,TRUE,FALSE,G354N6BJ35270006,A15
6/16/2022 14:56,G3C3N6BN28360006,A04,20282940,220611G32,AB,TRUE,FALSE,Missing Cell,B04
6/16/2022 15:36,G473N6BJ38340006,A10,20695128,220611G42,AB,TRUE,FALSE,Missing Cell,B10
6/16/2022 16:02,G3E3N6BM04240006,B15,20765841,220611G32,AB,TRUE,FALSE,Missing Cell,A15
6/16/2022 16:06,G3D3N6BL46470006,B15,20181233,220611G32,AB,TRUE,FALSE,Missing Cell,A15
6/16/2022 16:33,G3A4N6BL42530006,B15,20660159,220611G32,AB,TRUE,FALSE,Missing Cell,A15
6/16/2022 17:11,G351N6BG59230006,B15,20177617,220611G32,AB,TRUE,FALSE,Missing Cell,A15
6/16/2022 17:14,G3E4N6BN57570006,B06,20516323,220611G32,AB,TRUE,FALSE,Missing Cell,A06
6/16/2022 17:31,G431N6BN51240006,A14,20650478,220611G42,AB,TRUE,FALSE,G411N6BN51570006,B14
6/16/2022 18:17,G3B1N6BM59080006,B15,20111020,220611G32,AB,TRUE,FALSE,Missing Cell,A15
6/16/2022 18:33,G464N6BP01040006,B09,20536020,220611G42,AB,TRUE,FALSE,Missing Cell,A09
6/16/2022 18:48,G482N6BH06570006,A10,20267477,220611G42,AB,TRUE,FALSE,Missing Cell,B10
6/16/2022 18:49,G4E3N6BH00070006,B08,20675216,220611G42,AB,TRUE,FALSE,G4B4N6BH03280006,A08
6/16/2022 19:14,G483N6D619450006,B15,20299312,220613G41,AB,TRUE,FALSE,Missing Cell,A15
6/16/2022 19:16,G434N6D627520006,B09,20332166,220613G41,AB,TRUE,FALSE,Missing Cell,A09
6/16/2022 19:16,G483N6D614050006,B08,20332166,220613G41,AB,TRUE,FALSE,Missing Cell,A08
6/16/2022 19:16,G4B3N6D616300006,B07,20332166,220613G41,AB,TRUE,FALSE,Missing Cell,A07
6/16/2022 19:16,G433N6D631390006,B16,20332166,220613G41,AB,TRUE,FALSE,Missing Cell,A16
6/16/2022 19:16,G462N6D632490006,B10,20332166,220613G41,AB,TRUE,FALSE,Missing Cell,A10
6/16/2022 19:16,G451N6D633430006,B14,20332166,220613G41,AB,TRUE,FALSE,Missing Cell,A14
6/16/2022 19:16,G4B1N6D621100006,B13,20332166,220613G41,AB,TRUE,FALSE,Missing Cell,A13
6/16/2022 19:16,G491N6D622330006,B12,20332166,220613G41,AB,TRUE,FALSE,Missing Cell,A12
6/16/2022 19:16,G4B3N6D623160006,B11,20332166,220613G41,AB,TRUE,FALSE,Missing Cell,A11
6/16/2022 19:16,G453N6D634490006,B15,20332166,220613G41,AB,TRUE,FALSE,Missing Cell,A15
6/16/2022 19:17,G422N6D631260006,B15,20599548,220613G41,AB,TRUE,FALSE,Missing Cell,A15
6/16/2022 19:19,G3D2N6BJ39480006,A01,20677667,220611G32,AB,TRUE,FALSE,G391N6BJ52060006,B01
6/16/2022 19:27,G4C1N6BJ01560006,A06,20488961,220611G42,AB,TRUE,FALSE,Missing Cell,B06
6/16/2022 19:33,G462N6BK10060006,B13,20426950,220611G42,AB,TRUE,FALSE,G4B4N6BK02000006,A13
6/16/2022 20:00,G471N6BN22510006,A10,21015699,220611G42,AB,TRUE,FALSE,Missing Cell,B10
6/16/2022 20:04,G491N6D616200006,B15,21021942,220613G41,AB,TRUE,FALSE,Missing Cell,A15
6/16/2022 20:19,G3E3N6BN20000006,A11,20513348,220611G32,AB,TRUE,FALSE,Missing Cell,B11
6/16/2022 20:23,G331N68709540006,B04,20299286,220608G31,AB,TRUE,FALSE,Missing Cell,A04
6/16/2022 20:36,G393N68611320006,B04,20466265,220608G31,AB,TRUE,FALSE,Missing Cell,A04
6/16/2022 21:30,G312N6C041540006,B03,20051404,220611G33,AB,TRUE,FALSE,Missing Cell,A03
6/16/2022 21:42,G372N6C044070006,B14,20397284,220611G33,AB,TRUE,FALSE,Missing Cell,A14
6/16/2022 22:04,G411N6C302210006,A13,20519739,220611G43,AB,TRUE,FALSE,Missing Cell,B13
6/16/2022 22:54,G414N6C223460006,A06,20112729,220611G43,AB,TRUE,FALSE,Missing Cell,B06
6/16/2022 23:06,G411N6C124010006,B09,20480118,220611G43,AB,TRUE,FALSE,Missing Cell,A09
6/16/2022 23:07,G491N6C127080006,A10,21035874,220611G43,AB,TRUE,FALSE,Missing Cell,B10
6/16/2022 23:40,G492N6C259260006,A10,21013417,220611G43,AB,TRUE,FALSE,Missing Cell,B10
6/16/2022 23:43,G471N6C301410006,B08,20617217,220611G43,AB,TRUE,FALSE,Missing Cell,A08
6/16/2022 23:50,G4A1N6C303060006,B16,20408200,220611G43,AB,TRUE,FALSE,G441N6C321430006,A16
6/17/2022 0:14,G351N6C334160006,A06,20707593,220611G33,AB,TRUE,FALSE,Missing Cell,B06
6/17/2022 1:09,G4E4N6C536380006,A10,20108897,220612G41,AB,TRUE,FALSE,Missing Cell,B10
6/17/2022 1:34,G3B3N6C603120006,A04,20739287,220612G31,AB,TRUE,FALSE,Missing Cell,B04
6/17/2022 2:11,G4C1N6C418170006,B06,20457759,220612G41,AB,TRUE,FALSE,Missing Cell,A06
6/17/2022 2:55,G394N6C823090006,B16,20784850,220612G31,AB,TRUE,FALSE,G362N6C835230006,A16
6/17/2022 3:16,G434N6C459150006,A11,20542565,220612G41,AB,TRUE,FALSE,Missing Cell,B11
6/17/2022 3:24,G452N6C913110006,B15,20511362,220612G41,AB,TRUE,FALSE,Missing Cell,A15
6/17/2022 3:36,G482N6C906560006,B15,20197602,220612G41,AB,TRUE,FALSE,Missing Cell,A15
6/17/2022 4:05,G453N6C743120006,B11,21011060,220612G41,AB,TRUE,FALSE,Missing Cell,A11
6/17/2022 4:32,G373N6C811520006,A04,20399092,220612G31,AB,TRUE,FALSE,Missing Cell,B04
6/17/2022 4:41,G3E2N6C628050006,B10,20556847,220612G31,AB,TRUE,FALSE,Missing Cell,A10
6/17/2022 4:57,G391N6CA09400006,A04,21013002,220612G31,AB,TRUE,FALSE,Missing Cell,B04
6/17/2022 5:28,G352N6C638490006,B14,20518976,220612G31,AB,TRUE,FALSE,Missing Cell,A14
6/17/2022 6:23,G3B3N6C941110006,A04,20693664,220612G31,AB,TRUE,FALSE,Missing Cell,B04
6/17/2022 6:26,G384N6C941090006,A04,21011659,220612G31,AB,TRUE,FALSE,Missing Cell,B04
6/17/2022 6:32,G431N6CD09150006,B05,20107391,220612G41,AB,TRUE,FALSE,Missing Cell,A05
6/17/2022 6:42,G331N6C954260006,A12,20727532,220612G31,AB,TRUE,FALSE,Missing Cell,B12
6/17/2022 6:44,G312N6CA23350006,A04,20685792,220612G31,AB,TRUE,FALSE,Missing Cell,B04
6/17/2022 6:46,G374N6CA24340006,B14,20610619,220612G31,AB,TRUE,FALSE,Missing Cell,A14
6/17/2022 7:16,G3E1N6CB42340006,A04,20278700,220612G31,AB,TRUE,FALSE,Missing Cell,B04
6/17/2022 7:21,G3E1N6CB36530006,B02,20524800,220612G31,AB,TRUE,FALSE,Missing Cell,A02
6/17/2022 7:21,G364N6CB49160006,B14,20524800,220612G31,AB,TRUE,FALSE,Missing Cell,A14
6/17/2022 7:29,G394N6C956480006,A04,20436034,220612G31,AB,TRUE,FALSE,Missing Cell,B04
6/17/2022 7:35,G312N6C956420006,B10,20341010,220612G31,AB,TRUE,FALSE,Missing Cell,A10
6/17/2022 7:39,G312N6CA01540006,A04,20808053,220612G31,AB,TRUE,FALSE,Missing Cell,B04
6/17/2022 8:05,G432N6CE07350006,A11,20515231,220612G41,AB,TRUE,FALSE,Missing Cell,B11
6/17/2022 8:38,G314N6CB31350006,B15,20146454,220612G31,AB,TRUE,FALSE,Missing Cell,A15
6/17/2022 8:43,G3B3N6CB01280006,A14,20618288,220612G31,AB,TRUE,FALSE,Missing Cell,B14
6/17/2022 8:50,G374N6CA17000006,B06,20317465,220612G31,AB,TRUE,FALSE,Missing Cell,A06
6/17/2022 9:24,G3A4N6CB47480006,B06,20716878,220612G31,AB,TRUE,FALSE,Missing Cell,A06
6/17/2022 9:24,G384N6CB59240006,A04,20716878,220612G31,AB,TRUE,FALSE,Missing Cell,B04
6/17/2022 9:29,G4E2N6CB52450006,B15,20506407,220612G41,AB,TRUE,FALSE,Missing Cell,A15
6/17/2022 9:34,G363N6CD08170006,B10,20803578,220612G31,AB,TRUE,FALSE,G3E1N6CC54160006,A10
6/17/2022 9:35,G3E1N6CC01280006,A14,21053261,220612G31,AB,TRUE,FALSE,G372N6CD08030006,B14
6/17/2022 10:13,G321N6CE09350006,B12,20468914,220612G31,AB,TRUE,FALSE,Missing Cell,A12
6/17/2022 10:31,G393N6CD37400006,A04,21021870,220612G31,AB,TRUE,FALSE,Missing Cell,B04
6/17/2022 10:31,G391N6CD38010006,A14,21021870,220612G31,AB,TRUE,FALSE,G323N6CD35330006,B14
6/17/2022 10:39,G451N6CE06360006,B10,20689778,220612G41,AB,TRUE,FALSE,Missing Cell,A10
6/17/2022 10:54,G464N6CG01210006,A14,20666189,220612G42,AB,TRUE,FALSE,G463N6CG01270006,B14
6/17/2022 11:49,G493N6CE45110006,B15,20509065,220612G42,AB,TRUE,FALSE,Missing Cell,A15
6/17/2022 12:06,G463N6CE16350006,B15,20470778,220612G42,AB,TRUE,FALSE,Missing Cell,A15
6/17/2022 12:27,G464N6CG23580006,B15,20596576,220612G42,AB,TRUE,FALSE,Missing Cell,A15
6/17/2022 12:34,G411N6CF47170006,B12,20757633,220612G42,AB,TRUE,FALSE,G414N6CF47150006,A12
6/17/2022 12:50,G3A2N6CJ03400006,B14,20806481,220612G32,AB,TRUE,FALSE,Missing Cell,A14
6/17/2022 12:54,G3C2N6CH54030006,B06,20692646,220612G32,AB,TRUE,FALSE,Missing Cell,A06
6/17/2022 13:30,G392N6CH26030006,A04,20535364,220612G32,AB,TRUE,FALSE,Missing Cell,B04
6/17/2022 13:55,G413N6CF30010006,B15,20239363,220612G42,AB,TRUE,FALSE,G4E1N6CF21090006,A15
6/17/2022 14:08,G4E1N6CK28300006,B01,20432900,220612G42,AB,TRUE,FALSE,G444N6CK45540006,A01
6/17/2022 14:16,G4E4N6CK26300006,B01,20457824,220612G42,AB,TRUE,FALSE,G473N6CK38260006,A01
6/17/2022 14:18,G454N6CK42260006,B01,20550628,220612G42,AB,TRUE,FALSE,G431N6CK39200006,A01
6/17/2022 16:31,G412N6CM39450006,B15,20002617,220612G42,AB,TRUE,FALSE,Missing Cell,A15
6/17/2022 16:34,G4B1N6CM52150006,B15,20662407,220612G42,AB,TRUE,FALSE,Missing Cell,A15
6/17/2022 16:47,G423N6CP10520006,B15,20732352,220612G42,AB,TRUE,FALSE,Missing Cell,A15
6/17/2022 16:57,G4B2N6CN35310006,B15,20581585,220612G42,AB,TRUE,FALSE,Missing Cell,A15
6/17/2022 16:59,G433N6CM46020006,A10,20638162,220612G42,AB,TRUE,FALSE,Missing Cell,B10
6/17/2022 17:01,G471N6CM40450006,B15,20644545,220612G42,AB,TRUE,FALSE,Missing Cell,A15
6/17/2022 17:07,G432N6CP29080006,B15,20658326,220612G42,AB,TRUE,FALSE,Missing Cell,A15
6/17/2022 17:22,G3D4N6CM00200006,A04,20503349,220612G32,AB,TRUE,FALSE,Missing Cell,B04
6/17/2022 17:28,G483N6CP04150006,B15,20670167,220612G42,AB,TRUE,FALSE,Missing Cell,A15
6/17/2022 17:34,G4C2N6CP13340006,B15,20573697,220612G42,AB,TRUE,FALSE,Missing Cell,A15
6/17/2022 18:01,G452N6CH51070006,A10,20331081,220612G42,AB,TRUE,FALSE,Missing Cell,B10
6/17/2022 18:14,G393N6CJ28550006,B07,20545297,220612G32,AB,TRUE,FALSE,G353N6CJ37170006,A07
6/17/2022 18:20,G464N6CL52130006,B15,20364784,220612G42,AB,TRUE,FALSE,Missing Cell,A15
6/17/2022 18:31,G3C1N6CL30190006,A04,20224877,220612G32,AB,TRUE,FALSE,Missing Cell,B04
6/17/2022 18:36,G452N6CN03530006,B15,20290594,220612G42,AB,TRUE,FALSE,Missing Cell,A15
6/17/2022 18:38,G4B2N6CN32340006,B15,20425715,220612G42,AB,TRUE,FALSE,Missing Cell,A15
6/17/2022 18:41,G444N6CN42150006,B15,20171190,220612G42,AB,TRUE,FALSE,Missing Cell,A15
6/17/2022 18:49,G4C2N6CN43530006,B15,20579743,220612G42,AB,TRUE,FALSE,Missing Cell,A15
6/17/2022 19:07,G3E2N6CL19540006,A04,21036125,220612G32,AB,TRUE,FALSE,Missing Cell,B04
6/17/2022 19:24,G3C4N6CH08300006,A04,20272770,220612G32,AB,TRUE,FALSE,Missing Cell,B04
6/17/2022 19:31,G472N6CP40380006,B15,20317254,220612G42,AB,TRUE,FALSE,Missing Cell,A15
6/17/2022 19:33,G444N6CP06220006,B15,20082947,220612G42,AB,TRUE,FALSE,Missing Cell,A15
6/17/2022 19:34,G341N6CH19480006,B14,20394599,220612G32,AB,TRUE,FALSE,Missing Cell,A14
6/17/2022 19:43,G3B4N6CK25230006,B14,20761255,220612G32,AB,TRUE,FALSE,Missing Cell,A14
6/17/2022 19:51,G4C1N6CP25520006,B15,20760465,220612G42,AB,TRUE,FALSE,Missing Cell,A15
6/17/2022 20:01,G364N6CH31340006,B05,20405875,220612G32,AB,TRUE,FALSE,G3E1N6CH10540006,A05
6/17/2022 20:05,G341N6CG33530006,A04,20694355,220612G32,AB,TRUE,FALSE,Missing Cell,B04
6/17/2022 20:13,G494N6CN15520006,B15,20752405,220612G42,AB,TRUE,FALSE,Missing Cell,A15
6/17/2022 20:21,G432N6CN17560006,B15,20016019,220612G42,AB,TRUE,FALSE,Missing Cell,A15
6/17/2022 20:23,G421N6CN19570006,B15,20612804,220612G42,AB,TRUE,FALSE,Missing Cell,A15
6/17/2022 20:26,G373N6CN28550006,B01,20661541,220612G32,AB,TRUE,FALSE,Missing Cell,A01
6/17/2022 20:31,G363N6CN21380006,A05,21032978,220612G32,AB,TRUE,FALSE,Missing Cell,B05
6/17/2022 20:31,G393N6CN19550006,B01,21032978,220612G32,AB,TRUE,FALSE,Missing Cell,A01
6/17/2022 20:35,G3E3N6CG10530006,B14,21036407,220612G32,AB,TRUE,FALSE,Missing Cell,A14
6/17/2022 20:39,G341N6CN10270006,B01,20141875,220612G32,AB,TRUE,FALSE,Missing Cell,A01
6/17/2022 20:47,G4B4N6CN27000006,B15,20251416,220612G42,AB,TRUE,FALSE,Missing Cell,A15
6/17/2022 20:48,G4C4N6CM14260006,B15,20488408,220612G42,AB,TRUE,FALSE,Missing Cell,A15
6/17/2022 20:51,G441N6CM28580006,B16,20187380,220612G42,AB,TRUE,FALSE,G452N6CM33300006,A16
6/17/2022 20:51,G4B4N6CM20430006,B15,20187380,220612G42,AB,TRUE,FALSE,Missing Cell,A15
6/17/2022 20:53,G3C3N6CM27040006,A04,21006972,220612G32,AB,TRUE,FALSE,Missing Cell,B04
6/17/2022 20:56,G373N6CM36200006,A04,21047869,220612G32,AB,TRUE,FALSE,Missing Cell,B04
6/17/2022 21:01,G4B2N6CM11090006,B15,20103485,220612G42,AB,TRUE,FALSE,Missing Cell,A15
6/17/2022 21:09,G3A2N6DG10470006,B06,21026102,220613G31,AB,TRUE,FALSE,Missing Cell,A06
6/17/2022 21:10,G351N6DF56550006,B15,20565631,220613G31,AB,TRUE,FALSE,G3E2N6DF44550006,A15
6/17/2022 21:30,G422N6CN05240006,B15,20530724,220612G42,AB,TRUE,FALSE,Missing Cell,A15
6/17/2022 21:31,G333N6CP42490006,B16,20281018,220612G33,AB,TRUE,FALSE,G3A4N6D002050006,A16
6/17/2022 21:37,G372N6D011040006,A16,20544967,220612G33,AB,TRUE,FALSE,Missing Cell,B16
6/17/2022 21:49,G333N6CP33580006,A04,20561830,220612G33,AB,TRUE,FALSE,Missing Cell,B04
6/17/2022 22:33,G322N6CP28410006,A04,20230564,220612G33,AB,TRUE,FALSE,Missing Cell,B04
6/17/2022 22:33,G383N6CP27050006,B15,20230564,220612G33,AB,TRUE,FALSE,Missing Cell,A15
6/17/2022 22:38,G3D3N6D034370006,B01,20436614,220612G33,AB,TRUE,FALSE,G321N6D040050006,A01
6/17/2022 22:48,G351N6D224300006,B05,20115747,220612G33,AB,TRUE,FALSE,Missing Cell,A05
6/17/2022 23:31,G3A1N6D342190006,B02,20757497,220612G33,AB,TRUE,FALSE,Missing Cell,A02
6/18/2022 0:07,G331N6CL15550006,A04,20722760,220612G32,AB,TRUE,FALSE,Missing Cell,B04
6/18/2022 0:07,G343N6CL18460006,A10,20722760,220612G32,AB,TRUE,FALSE,Missing Cell,B10
6/18/2022 0:40,G394N6D128070006,A04,21042494,220612G33,AB,TRUE,FALSE,Missing Cell,B04
6/18/2022 0:40,G3A4N6D125240006,B16,21042494,220612G33,AB,TRUE,FALSE,Missing Cell,A16
6/18/2022 0:44,G341N6D500060006,A04,20112052,220613G31,AB,TRUE,FALSE,Missing Cell,B04
6/18/2022 0:55,G451N6D410420006,B15,20811658,220613G41,AB,TRUE,FALSE,Missing Cell,A15
6/18/2022 0:56,G4D1N6D520530006,B15,20806432,220613G41,AB,TRUE,FALSE,Missing Cell,A15
6/18/2022 0:58,G494N6D408040006,B15,20615814,220613G41,AB,TRUE,FALSE,Missing Cell,A15
6/18/2022 0:59,G432N6D413000006,B15,20102187,220613G41,AB,TRUE,FALSE,Missing Cell,A15
6/18/2022 1:01,G454N6D430090006,B15,20128902,220613G41,AB,TRUE,FALSE,Missing Cell,A15
6/18/2022 1:02,G432N6D418140006,B15,20023671,220613G41,AB,TRUE,FALSE,Missing Cell,A15
6/18/2022 1:05,G414N6D410240006,B15,20608302,220613G41,AB,TRUE,FALSE,Missing Cell,A15
6/18/2022 1:07,G493N6D427420006,B15,20749312,220613G41,AB,TRUE,FALSE,Missing Cell,A15
6/18/2022 1:08,G4C3N6D424150006,B15,20368908,220613G41,AB,TRUE,FALSE,Missing Cell,A15
6/18/2022 1:09,G4C3N6D534170006,B15,20259484,220613G41,AB,TRUE,FALSE,Missing Cell,A15
6/18/2022 1:14,G492N6D422250006,B15,20537511,220613G41,AB,TRUE,FALSE,Missing Cell,A15
6/18/2022 1:15,G4E4N6D526430006,B15,20737290,220613G41,AB,TRUE,FALSE,Missing Cell,A15
6/18/2022 1:17,G444N6D432210006,A04,20476207,220613G41,AB,TRUE,FALSE,Missing Cell,B04
6/18/2022 1:18,G4B4N6D433040006,B15,20560244,220613G41,AB,TRUE,FALSE,Missing Cell,A15
6/18/2022 1:25,G4D1N6D436010006,B15,20717916,220613G41,AB,TRUE,FALSE,Missing Cell,A15
6/18/2022 1:26,G471N6D440500006,B15,21034813,220613G41,AB,TRUE,FALSE,Missing Cell,A15
6/18/2022 1:27,G4C4N6D434410006,B15,20561052,220613G41,AB,TRUE,FALSE,Missing Cell,A15
6/18/2022 1:29,G4B3N6D441030006,A10,20639055,220613G41,AB,TRUE,FALSE,Missing Cell,B10
6/18/2022 1:34,G433N6D449020006,B15,20142919,220613G41,AB,TRUE,FALSE,Missing Cell,A15
6/18/2022 1:36,G4E1N6D425080006,B15,20760781,220613G41,AB,TRUE,FALSE,Missing Cell,A15
6/18/2022 1:37,G413N6D447200006,B15,20364438,220613G41,AB,TRUE,FALSE,Missing Cell,A15
6/18/2022 1:38,G4D3N6D435480006,B15,20381413,220613G41,AB,TRUE,FALSE,Missing Cell,A15
6/18/2022 1:39,G4D2N6D504160006,B15,20672311,220613G41,AB,TRUE,FALSE,Missing Cell,A15
6/18/2022 1:41,G442N6D507110006,B15,20121761,220613G41,AB,TRUE,FALSE,Missing Cell,A15
6/18/2022 1:42,G471N6D514060006,B15,20609793,220613G41,AB,TRUE,FALSE,Missing Cell,A15
6/18/2022 1:44,G454N6D511130006,A10,20219294,220613G41,AB,TRUE,FALSE,Missing Cell,B10
6/18/2022 1:53,G322N6D414120006,B03,20543372,220613G31,AB,TRUE,FALSE,Missing Cell,A03
6/18/2022 1:56,G4D4N6D503540006,B15,20328617,220613G41,AB,TRUE,FALSE,Missing Cell,A15
6/18/2022 2:00,G414N6D513480006,A10,20584613,220613G41,AB,TRUE,FALSE,Missing Cell,B10
6/18/2022 2:02,G473N6D509040006,B15,20808555,220613G41,AB,TRUE,FALSE,Missing Cell,A15
6/18/2022 2:08,G364N6CL43080006,A12,20090922,220612G32,AB,TRUE,FALSE,Missing Cell,B12
6/18/2022 2:09,G382N6CL29510006,A04,20336413,220612G32,AB,TRUE,FALSE,Missing Cell,B04
6/18/2022 2:12,G3C1N6CL22490006,A04,20411093,220612G32,AB,TRUE,FALSE,Missing Cell,B04
6/18/2022 2:20,G423N6D658330006,B15,20196296,220613G41,AB,TRUE,FALSE,Missing Cell,A15
6/18/2022 2:21,G4C3N6D741560006,B15,20175784,220613G41,AB,TRUE,FALSE,Missing Cell,A15
6/18/2022 2:23,G4E4N6D730460006,B15,20818106,220613G41,AB,TRUE,FALSE,Missing Cell,A15
6/18/2022 2:24,G432N6D742330006,B15,20542235,220613G41,AB,TRUE,FALSE,Missing Cell,A15
6/18/2022 2:27,G3B3N6D504010006,A04,20371188,220613G31,AB,TRUE,FALSE,Missing Cell,B04
6/18/2022 2:28,G372N6D510590006,A04,20365630,220613G31,AB,TRUE,FALSE,Missing Cell,B04
6/18/2022 2:31,G494N6D901560006,B15,20412950,220613G41,AB,TRUE,FALSE,Missing Cell,A15
6/18/2022 2:32,G4C1N6D649460006,B15,20022706,220613G41,AB,TRUE,FALSE,Missing Cell,A15
6/18/2022 2:33,G464N6D649260006,B15,20305068,220613G41,AB,TRUE,FALSE,Missing Cell,A15
6/18/2022 2:36,G452N6D650010006,B15,20528381,220613G41,AB,TRUE,FALSE,Missing Cell,A15
6/18/2022 2:39,G441N6D902390006,B15,20050231,220613G41,AB,TRUE,FALSE,Missing Cell,A15
6/18/2022 3:00,G473N6D527050006,B15,20144889,220613G41,AB,TRUE,FALSE,Missing Cell,A15
6/18/2022 3:01,G412N6D523430006,B15,20515427,220613G41,AB,TRUE,FALSE,Missing Cell,A15
6/18/2022 3:05,G414N6D516240006,B15,20530203,220613G41,AB,TRUE,FALSE,Missing Cell,A15
6/18/2022 3:07,G492N6D853000006,B15,21041764,220613G41,AB,TRUE,FALSE,Missing Cell,A15
6/18/2022 3:10,G4C3N6D850210006,B15,20483583,220613G41,AB,TRUE,FALSE,Missing Cell,A15
6/18/2022 3:22,G413N6D542180006,B15,20811770,220613G41,AB,TRUE,FALSE,Missing Cell,A15
6/18/2022 3:24,G493N6D523520006,B15,20347002,220613G41,AB,TRUE,FALSE,Missing Cell,A15
6/18/2022 3:25,G4B1N6D523240006,B15,20648031,220613G41,AB,TRUE,FALSE,Missing Cell,A15
6/18/2022 3:28,G422N6D534360006,B15,21008814,220613G41,AB,TRUE,FALSE,Missing Cell,A15
6/18/2022 3:42,G3C4N6D644330006,B14,20820076,220613G31,AB,TRUE,FALSE,Missing Cell,A14
6/18/2022 3:45,G433N6D703010006,B15,20373273,220613G41,AB,TRUE,FALSE,Missing Cell,A15
6/18/2022 3:47,G4E4N6D705400006,B15,20583795,220613G41,AB,TRUE,FALSE,Missing Cell,A15
6/18/2022 3:50,G431N6D606510006,B15,20295282,220613G41,AB,TRUE,FALSE,Missing Cell,A15
6/18/2022 3:53,G4D1N6D811480006,B15,20690160,220613G41,AB,TRUE,FALSE,Missing Cell,A15
6/18/2022 3:56,G441N6D740460006,B15,20156155,220613G41,AB,TRUE,FALSE,Missing Cell,A15
6/18/2022 4:00,G424N6D808530006,B15,20601817,220613G41,AB,TRUE,FALSE,Missing Cell,A15
6/18/2022 4:03,G423N6D828460006,B15,20179666,220613G41,AB,TRUE,FALSE,Missing Cell,A15
6/18/2022 4:04,G453N6D739460006,B15,20707355,220613G41,AB,TRUE,FALSE,Missing Cell,A15
6/18/2022 4:06,G451N6D741300006,B15,20624785,220613G41,AB,TRUE,FALSE,Missing Cell,A15
6/18/2022 4:09,G4E1N6D722480006,B15,20705574,220613G41,AB,TRUE,FALSE,Missing Cell,A15
6/18/2022 4:15,G482N6D725380006,B15,20419203,220613G41,AB,TRUE,FALSE,Missing Cell,A15
6/18/2022 4:18,G4B3N6D823410006,B15,20454956,220613G41,AB,TRUE,FALSE,Missing Cell,A15
6/18/2022 4:26,G351N6D453490006,B16,20499423,220613G31,AB,TRUE,FALSE,G344N6D453070006,A16
6/18/2022 4:59,G382N6DD37580006,A04,20675810,220613G31,AB,TRUE,FALSE,Missing Cell,B04
6/18/2022 5:06,G492N6D847100006,B15,20026984,220613G41,AB,TRUE,FALSE,Missing Cell,A15
6/18/2022 5:10,G472N6DC24240006,B09,20193179,220613G41,AB,TRUE,FALSE,Missing Cell,A09
6/18/2022 5:17,G494N6D631550006,B15,20812407,220613G41,AB,TRUE,FALSE,Missing Cell,A15
6/18/2022 5:20,G4E1N6D615120006,B15,20439632,220613G41,AB,TRUE,FALSE,Missing Cell,A15
6/18/2022 5:27,G3B3N6DB13100006,A04,20269077,220613G31,AB,TRUE,FALSE,Missing Cell,B04
6/18/2022 5:33,G363N6DE55250006,A04,20794033,220613G31,AB,TRUE,FALSE,Missing Cell,B04
6/18/2022 5:34,G364N6DE48290006,B06,20561875,220613G31,AB,TRUE,FALSE,Missing Cell,A06
6/18/2022 5:37,G3D2N6DH07320006,B03,20561282,220613G31,AB,TRUE,FALSE,Missing Cell,A03
6/18/2022 5:51,G354N6DF48190006,A05,20616606,220613G31,AB,TRUE,FALSE,Missing Cell,B05
6/18/2022 5:59,G452N6D645350006,B15,20743434,220613G41,AB,TRUE,FALSE,Missing Cell,A15
6/18/2022 6:01,G413N6D722060006,B15,20449042,220613G41,AB,TRUE,FALSE,Missing Cell,A15
6/18/2022 6:02,G454N6D721100006,B10,20686201,220613G41,AB,TRUE,FALSE,G4B3N6D713400006,A10
6/18/2022 6:02,G421N6D712510006,B15,20686201,220613G41,AB,TRUE,FALSE,Missing Cell,A15
6/18/2022 6:04,G433N6D719160006,B15,20582213,220613G41,AB,TRUE,FALSE,Missing Cell,A15
6/18/2022 6:05,G432N6D716100006,B15,20746182,220613G41,AB,TRUE,FALSE,Missing Cell,A15
6/18/2022 6:08,G4B1N6DC24250006,A10,20364792,220613G41,AB,TRUE,FALSE,Missing Cell,B10
6/18/2022 6:10,G421N6D759500006,B15,20479069,220613G41,AB,TRUE,FALSE,Missing Cell,A15
6/18/2022 6:12,G4E2N6D750540006,B15,20792338,220613G41,AB,TRUE,FALSE,Missing Cell,A15
6/18/2022 6:13,G4A1N6DC33050006,A10,20359848,220613G41,AB,TRUE,FALSE,Missing Cell,B10
6/18/2022 6:15,G433N6D722130006,B15,20001438,220613G41,AB,TRUE,FALSE,Missing Cell,A15
6/18/2022 6:17,G442N6D759500006,B15,21038179,220613G41,AB,TRUE,FALSE,Missing Cell,A15
6/18/2022 6:23,G461N6D758230006,B15,20228674,220613G41,AB,TRUE,FALSE,Missing Cell,A15
6/18/2022 6:24,G431N6D753130006,B15,20706877,220613G41,AB,TRUE,FALSE,Missing Cell,A15
6/18/2022 6:29,G444N6D804240006,B15,20107413,220613G41,AB,TRUE,FALSE,Missing Cell,A15
6/18/2022 6:32,G4C3N6D446570006,A10,20728596,220613G41,AB,TRUE,FALSE,Missing Cell,B10
6/18/2022 6:33,G491N6D451000006,B15,20711588,220613G41,AB,TRUE,FALSE,Missing Cell,A15
6/18/2022 6:37,G432N6D458310006,B15,21021552,220613G41,AB,TRUE,FALSE,Missing Cell,A15
6/18/2022 6:40,G441N6D503420006,B15,20677252,220613G41,AB,TRUE,FALSE,Missing Cell,A15
6/18/2022 6:44,G363N6D614520006,A15,20072092,220613G31,AB,TRUE,FALSE,Missing Cell,B15
6/18/2022 6:47,G481N6D451510006,B15,20148994,220613G41,AB,TRUE,FALSE,Missing Cell,A15
6/18/2022 6:50,G414N6D455280006,B15,20654816,220613G41,AB,TRUE,FALSE,Missing Cell,A15
6/18/2022 6:51,G482N6DB47050006,B12,20757385,220613G41,AB,TRUE,FALSE,Missing Cell,A12
6/18/2022 7:02,G3B1N6DC30300006,A04,20108740,220613G31,AB,TRUE,FALSE,Missing Cell,B04
6/18/2022 7:04,G371N6DD13360006,A04,20273181,220613G31,AB,TRUE,FALSE,Missing Cell,B04
6/18/2022 7:09,G3A1N6D704250006,A04,20264323,220613G31,AB,TRUE,FALSE,Missing Cell,B04
6/18/2022 7:12,G3E2N6D359250006,B15,20511078,220613G31,AB,TRUE,FALSE,Missing Cell,A15
6/18/2022 7:25,G342N6DD21010006,B01,20597793,220613G31,AB,TRUE,FALSE,Missing Cell,A01
6/18/2022 7:31,G472N6DC14430006,A10,20346359,220613G41,AB,TRUE,FALSE,Missing Cell,B10
6/18/2022 7:34,G413N6DD27100006,A10,20526132,220613G41,AB,TRUE,FALSE,Missing Cell,B10
6/18/2022 7:42,G344N6D520010006,A04,20807750,220613G31,AB,TRUE,FALSE,Missing Cell,B04
6/18/2022 7:45,G391N6DE06230006,B01,20440917,220613G31,AB,TRUE,FALSE,Missing Cell,A01
6/18/2022 7:48,G374N6DE25060006,A08,20282593,220613G31,AB,TRUE,FALSE,Missing Cell,B08
6/18/2022 8:00,G342N6D601230006,B01,20475910,220613G31,AB,TRUE,FALSE,Missing Cell,A01
6/18/2022 8:05,G324N6D601470006,B01,20717902,220613G31,AB,TRUE,FALSE,Missing Cell,A01
6/18/2022 8:07,G3A3N6D549150006,B01,20435722,220613G31,AB,TRUE,FALSE,Missing Cell,A01
6/18/2022 8:21,G422N6D549460006,B15,20114566,220613G41,AB,TRUE,FALSE,Missing Cell,A15
6/18/2022 8:22,G454N6DC45180006,A10,20617094,220613G41,AB,TRUE,FALSE,Missing Cell,B10
6/18/2022 8:23,G432N6D550420006,B15,20625323,220613G41,AB,TRUE,FALSE,Missing Cell,A15
6/18/2022 8:32,G461N6D604560006,B15,20109002,220613G41,AB,TRUE,FALSE,Missing Cell,A15
6/18/2022 8:35,G434N6D557220006,B15,21035304,220613G41,AB,TRUE,FALSE,Missing Cell,A15
6/18/2022 8:37,G414N6DC29000006,A10,20767481,220613G41,AB,TRUE,FALSE,Missing Cell,B10
6/18/2022 8:38,G491N6D605530006,B15,20564671,220613G41,AB,TRUE,FALSE,Missing Cell,A15
6/18/2022 8:42,G3A1N6DE44310006,A04,20797978,220613G31,AB,TRUE,FALSE,Missing Cell,B04
6/18/2022 8:49,G443N6D608470006,B15,21002308,220613G41,AB,TRUE,FALSE,Missing Cell,A15
6/18/2022 9:06,G4C2N6D812040006,B15,20636210,220613G41,AB,TRUE,FALSE,Missing Cell,A15
6/18/2022 9:09,G4B1N6D826230006,B15,20189208,220613G41,AB,TRUE,FALSE,Missing Cell,A15
6/18/2022 9:11,G412N6D832470006,B15,20593804,220613G41,AB,TRUE,FALSE,Missing Cell,A15
6/18/2022 9:14,G4B2N6DD07470006,A10,20379327,220613G41,AB,TRUE,FALSE,Missing Cell,B10
6/18/2022 9:18,G333N6DE11020006,B01,20236134,220613G31,AB,TRUE,FALSE,Missing Cell,A01
6/18/2022 9:20,G353N6DE33190006,B01,21001581,220613G31,AB,TRUE,FALSE,Missing Cell,A01
6/18/2022 9:29,G3D2N6DH21040006,B10,20668696,220613G31,AB,TRUE,FALSE,Missing Cell,A10
6/18/2022 9:37,G351N6DH19440006,B15,20554431,220613G31,AB,TRUE,FALSE,Missing Cell,A15
6/18/2022 9:42,G3E3N6DG37130006,B06,20081770,220613G31,AB,TRUE,FALSE,Missing Cell,A06
6/18/2022 9:47,G461N6D724260006,B15,20709619,220613G41,AB,TRUE,FALSE,Missing Cell,A15
6/18/2022 9:48,G444N6D838160006,B15,20631374,220613G41,AB,TRUE,FALSE,Missing Cell,A15
6/18/2022 9:55,G362N6DH00020006,B11,20289500,220613G31,AB,TRUE,FALSE,Missing Cell,A11
6/18/2022 10:04,G4A1N6DE24200006,B09,21014952,220613G41,AB,TRUE,FALSE,Missing Cell,A09
6/18/2022 10:07,G363N6DF33440006,A04,20636324,220613G31,AB,TRUE,FALSE,Missing Cell,B04
6/18/2022 10:26,G3B2N6DE15160006,B01,20453583,220613G31,AB,TRUE,FALSE,Missing Cell,A01
6/18/2022 10:30,G381N6DE32120006,B01,20158956,220613G31,AB,TRUE,FALSE,Missing Cell,A01
6/18/2022 10:33,G384N6DE21470006,B01,20242719,220613G31,AB,TRUE,FALSE,Missing Cell,A01
6/18/2022 10:50,G3A2N6DJ27560006,B15,20810707,220613G32,AB,TRUE,FALSE,Missing Cell,A15
6/18/2022 11:26,G3E1N6DL49160006,B15,20349912,220613G32,AB,TRUE,FALSE,Missing Cell,A15
6/18/2022 11:42,G382N6DN09120006,A02,20362265,220613G32,AB,TRUE,FALSE,Missing Cell,B02
6/18/2022 12:08,G391N6DK57360006,B14,20626279,220613G32,AB,TRUE,FALSE,Missing Cell,A14
6/18/2022 12:18,G353N6E042230006,A04,21043691,220613G32,AB,TRUE,FALSE,Missing Cell,B04
6/18/2022 12:32,G3D2N6DK54250006,A04,20752679,220613G32,AB,TRUE,FALSE,Missing Cell,B04
6/18/2022 12:36,G3A4N6DM28270006,A04,21004745,220613G32,AB,TRUE,FALSE,Missing Cell,B04
6/18/2022 12:54,G323N6E152040006,A04,20486088,220613G32,AB,TRUE,FALSE,Missing Cell,B04
6/18/2022 13:01,G443N6D747510006,B15,20102730,220613G41,AB,TRUE,FALSE,Missing Cell,A15
6/18/2022 13:08,G361N6DP02180006,B02,20682287,220613G32,AB,TRUE,FALSE,Missing Cell,A02
6/18/2022 13:17,G322N6E011550006,B06,20321534,220613G32,AB,TRUE,FALSE,Missing Cell,A06
6/18/2022 13:46,G334N6DN46130006,A04,20779616,220613G32,AB,TRUE,FALSE,Missing Cell,B04
6/18/2022 13:58,G491N6D012020006,B15,20229414,220612G43,AB,TRUE,FALSE,Missing Cell,A15
6/18/2022 13:59,G474N6D019440006,A10,20291690,220612G43,AB,TRUE,FALSE,Missing Cell,B10
6/18/2022 14:04,G4B4N6D001420006,B15,20396061,220612G43,AB,TRUE,FALSE,Missing Cell,A15
6/18/2022 14:07,G4D1N6CP57450006,B15,20741466,220612G43,AB,TRUE,FALSE,Missing Cell,A15
6/18/2022 14:12,G442N6D041110006,B15,20791686,220612G43,AB,TRUE,FALSE,Missing Cell,A15
6/18/2022 14:15,G4A2N6D024430006,B15,20469464,220612G43,AB,TRUE,FALSE,Missing Cell,A15
6/18/2022 14:16,G434N6D035410006,A10,20567830,220612G43,AB,TRUE,FALSE,Missing Cell,B10
6/18/2022 14:18,G4C3N6D022530006,B15,20053350,220612G43,AB,TRUE,FALSE,Missing Cell,A15
6/18/2022 14:21,G4D1N6D059330006,B15,20452243,220612G43,AB,TRUE,FALSE,Missing Cell,A15
6/18/2022 14:23,G434N6D104380006,B15,20493557,220612G43,AB,TRUE,FALSE,Missing Cell,A15
6/18/2022 14:24,G444N6CP48580006,B15,20441653,220612G43,AB,TRUE,FALSE,Missing Cell,A15
6/18/2022 14:31,G443N6CP49480006,B15,20219488,220612G43,AB,TRUE,FALSE,Missing Cell,A15
6/18/2022 14:33,G443N6D008430006,B15,20656856,220612G43,AB,TRUE,FALSE,Missing Cell,A15
6/18/2022 14:38,G4A4N6D040270006,B15,20142089,220612G43,AB,TRUE,FALSE,Missing Cell,A15
6/18/2022 14:39,G494N6D043260006,B15,20021971,220612G43,AB,TRUE,FALSE,Missing Cell,A15
6/18/2022 14:46,G4B3N6CP49060006,B15,20772564,220612G43,AB,TRUE,FALSE,Missing Cell,A15
6/18/2022 14:48,G452N6D004200006,A11,20686678,220612G43,AB,TRUE,FALSE,Missing Cell,B11
6/18/2022 14:51,G471N6CP47340006,B15,20182950,220612G43,AB,TRUE,FALSE,Missing Cell,A15
6/18/2022 14:54,G4B1N6D049280006,B15,20344392,220612G43,AB,TRUE,FALSE,Missing Cell,A15
6/18/2022 14:58,G4B1N6CP32040006,B15,21007599,220612G43,AB,TRUE,FALSE,Missing Cell,A15
6/18/2022 15:01,G4C2N6D207550006,B15,20607512,220612G43,AB,TRUE,FALSE,Missing Cell,A15
6/18/2022 15:03,G481N6CP36430006,B15,20605431,220612G43,AB,TRUE,FALSE,Missing Cell,A15
6/18/2022 15:07,G471N6D223270006,A10,20445767,220612G43,AB,TRUE,FALSE,Missing Cell,B10
6/18/2022 15:12,G454N6D135550006,B15,21020963,220612G43,AB,TRUE,FALSE,Missing Cell,A15
6/18/2022 15:17,G4D3N6D011430006,B15,20200993,220612G43,AB,TRUE,FALSE,Missing Cell,A15
6/18/2022 15:19,G414N6D027490006,B15,20272535,220612G43,AB,TRUE,FALSE,Missing Cell,A15
6/18/2022 15:22,G451N6D022530006,B15,20123174,220612G43,AB,TRUE,FALSE,Missing Cell,A15
6/18/2022 15:23,G442N6D137170006,B15,20438616,220612G43,AB,TRUE,FALSE,Missing Cell,A15
6/18/2022 15:30,G322N6DL27430006,A04,20658752,220613G32,AB,TRUE,FALSE,Missing Cell,B04
6/18/2022 15:33,G414N6D040570006,B15,20504624,220612G43,AB,TRUE,FALSE,Missing Cell,A15
6/18/2022 15:34,G454N6D040270006,B15,20359963,220612G43,AB,TRUE,FALSE,Missing Cell,A15
6/18/2022 15:38,G453N6D220140006,B15,20501131,220612G43,AB,TRUE,FALSE,Missing Cell,A15
6/18/2022 15:39,G474N6D023230006,B15,20639262,220612G43,AB,TRUE,FALSE,Missing Cell,A15
6/18/2022 15:44,G443N6D042480006,B15,21013757,220612G43,AB,TRUE,FALSE,Missing Cell,A15
6/18/2022 15:50,G4D3N6D113390006,B15,20612980,220612G43,AB,TRUE,FALSE,Missing Cell,A15
6/18/2022 15:52,G442N6D121470006,B15,20160591,220612G43,AB,TRUE,FALSE,Missing Cell,A15
6/18/2022 15:56,G441N6D136490006,B15,20354499,220612G43,AB,TRUE,FALSE,Missing Cell,A15
6/18/2022 15:58,G441N6D142350006,A06,20282963,220612G43,AB,TRUE,FALSE,Missing Cell,B06
6/18/2022 15:59,G411N6D214230006,B15,20339717,220612G43,AB,TRUE,FALSE,Missing Cell,A15
6/18/2022 16:01,G493N6D139570006,B15,20671291,220612G43,AB,TRUE,FALSE,Missing Cell,A15
6/18/2022 16:03,G494N6D241310006,B15,20154519,220612G43,AB,TRUE,FALSE,Missing Cell,A15
6/18/2022 16:07,G444N6D147350006,B15,20704517,220612G43,AB,TRUE,FALSE,Missing Cell,A15
6/18/2022 16:10,G414N6D146550006,B15,20729855,220612G43,AB,TRUE,FALSE,Missing Cell,A15
6/18/2022 16:14,G452N6D357440006,B13,20338084,220612G43,AB,TRUE,FALSE,Missing Cell,A13
6/18/2022 16:16,G4A2N6D112300006,B15,20473798,220612G43,AB,TRUE,FALSE,Missing Cell,A15
6/18/2022 16:28,G414N6D357310006,B15,20630477,220612G43,AB,TRUE,FALSE,Missing Cell,A15
6/18/2022 16:30,G4C4N6D305000006,B15,20046159,220612G43,AB,TRUE,FALSE,Missing Cell,A15
6/18/2022 16:31,G4E3N6D350430006,B15,20397714,220612G43,AB,TRUE,FALSE,Missing Cell,A15
6/18/2022 16:36,G494N6D150570006,B15,20174998,220612G43,AB,TRUE,FALSE,Missing Cell,A15
6/18/2022 16:44,G311N6DN37130006,A11,20609867,220613G32,AB,TRUE,FALSE,G391N6DN31470006,B11
6/18/2022 16:44,G391N6DN31470006,B11,20609867,220613G32,AB,TRUE,FALSE,G311N6DN37130006,A11
6/18/2022 16:56,G4E3N6D131420006,B15,20329459,220612G43,AB,TRUE,FALSE,Missing Cell,A15
6/18/2022 17:06,G322N6DP53160006,B14,20801038,220613G32,AB,TRUE,FALSE,Missing Cell,A14
6/18/2022 17:12,G431N6D236120006,A10,20237811,220612G43,AB,TRUE,FALSE,Missing Cell,B10
6/18/2022 17:12,G451N6D232010006,B16,20237811,220612G43,AB,TRUE,FALSE,G444N6D234150006,A16
6/18/2022 17:46,G392N6E048290006,B06,20603950,220613G32,AB,TRUE,FALSE,Missing Cell,A06
6/18/2022 17:51,G4A1N6D246140006,B15,20330891,220612G43,AB,TRUE,FALSE,Missing Cell,A15
6/18/2022 18:08,G424N6D330400006,A12,20489063,220612G43,AB,TRUE,FALSE,Missing Cell,B12
6/18/2022 18:12,G362N6E216060006,A06,20278790,220613G32,AB,TRUE,FALSE,Missing Cell,B06
6/18/2022 18:14,G314N6E204090006,A04,21019276,220613G32,AB,TRUE,FALSE,Missing Cell,B04
6/18/2022 18:16,G321N6E214060006,B03,20716771,220613G32,AB,TRUE,FALSE,Missing Cell,A03
6/18/2022 18:31,G362N6E331300006,A04,20305446,220613G32,AB,TRUE,FALSE,Missing Cell,B04
6/18/2022 18:33,G334N6E214450006,A06,21013374,220613G32,AB,TRUE,FALSE,Missing Cell,B06
6/18/2022 18:33,G312N6E204480006,B10,21045604,220613G32,AB,TRUE,FALSE,G392N6E201030006,A10
6/18/2022 18:38,G453N6D242180006,A15,20686184,220612G43,AB,TRUE,FALSE,Missing Cell,B15
6/18/2022 18:38,G473N6D242370006,A16,20686184,220612G43,AB,TRUE,FALSE,Missing Cell,B16
6/18/2022 18:39,G422N6CP58580006,B12,20398585,220612G43,AB,TRUE,FALSE,Missing Cell,A12
6/18/2022 18:46,G453N6D412060006,B15,20490305,220612G43,AB,TRUE,FALSE,Missing Cell,A15
6/18/2022 18:48,G4E1N6D356250006,B15,20761120,220612G43,AB,TRUE,FALSE,Missing Cell,A15
6/18/2022 18:49,G473N6D337500006,B15,20733080,220612G43,AB,TRUE,FALSE,Missing Cell,A15
6/18/2022 18:53,G363N6DP24200006,B03,20441422,220613G32,AB,TRUE,FALSE,Missing Cell,A03
6/18/2022 19:16,G411N6DE43190006,A10,20263537,220613G42,AB,TRUE,FALSE,Missing Cell,B10
6/18/2022 19:29,G483N6DF22580006,A10,20452370,220613G42,AB,TRUE,FALSE,Missing Cell,B10
6/18/2022 19:46,G484N6DE59530006,A10,20560432,220613G42,AB,TRUE,FALSE,Missing Cell,B10
6/18/2022 19:56,G414N6DG46010006,A10,20310451,220613G42,AB,TRUE,FALSE,Missing Cell,B10
6/18/2022 19:58,G4D2N6DF58490006,B15,20613291,220613G42,AB,TRUE,FALSE,Missing Cell,A15
6/18/2022 20:32,G4D4N6DJ33460006,B11,20740334,220613G42,AB,TRUE,FALSE,Missing Cell,A11
6/18/2022 20:43,G352N6DE12190006,A04,20082485,220613G31,AB,TRUE,FALSE,Missing Cell,B04
6/18/2022 20:45,G464N6DF43490006,A10,21016988,220613G42,AB,TRUE,FALSE,Missing Cell,B10
6/18/2022 21:38,G473N6DG17210006,A10,20680380,220613G42,AB,TRUE,FALSE,Missing Cell,B10
6/18/2022 21:47,G4D1N6DJ45250006,B02,21032437,220613G42,AB,TRUE,FALSE,Missing Cell,A02
6/18/2022 22:18,G422N6DL58150006,A01,20480049,220613G42,AB,TRUE,FALSE,Missing Cell,B01
6/18/2022 22:19,G453N6DM59330006,B16,20236270,220613G42,AB,TRUE,FALSE,G413N6DM57210006,A16
6/18/2022 22:23,G412N6DM50080006,B09,20409774,220613G42,AB,TRUE,FALSE,Missing Cell,A09
6/18/2022 22:28,G4C3N6DM27500006,B10,21038772,220613G42,AB,TRUE,FALSE,Missing Cell,A10
6/18/2022 22:30,G4B3N6DM27460006,B02,20726448,220613G42,AB,TRUE,FALSE,Missing Cell,A02
6/18/2022 22:47,G4A2N6DL31170006,A10,20431490,220613G42,AB,TRUE,FALSE,Missing Cell,B10
6/18/2022 22:49,G4C3N6DM16200006,B09,21004820,220613G42,AB,TRUE,FALSE,Missing Cell,A09
6/18/2022 22:54,G4E4N6DL27290006,A10,20636614,220613G42,AB,TRUE,FALSE,Missing Cell,B10
6/18/2022 22:56,G4E1N6DL32330006,A10,20251324,220613G42,AB,TRUE,FALSE,Missing Cell,B10
6/18/2022 23:27,G4E3N6DK41580006,A15,20467919,220613G42,AB,TRUE,FALSE,Missing Cell,B15
6/18/2022 23:44,G472N6DM57310006,A10,20707263,220613G42,AB,TRUE,FALSE,Missing Cell,B10
6/19/2022 0:01,G453N6DN47180006,A10,20181313,220613G42,AB,TRUE,FALSE,Missing Cell,B10
6/19/2022 0:07,G433N6DN53460006,A10,20727994,220613G42,AB,TRUE,FALSE,Missing Cell,B10
6/19/2022 0:12,G4B1N6DP14430006,A05,21010036,220613G42,AB,TRUE,FALSE,Missing Cell,B05
6/19/2022 0:22,G4D2N6DL00260006,A13,20820543,220613G42,AB,TRUE,FALSE,Missing Cell,B13
6/19/2022 0:25,G453N6DL33330006,A10,20115436,220613G42,AB,TRUE,FALSE,Missing Cell,B10
6/19/2022 0:39,G474N6DN56040006,A11,20657739,220613G42,AB,TRUE,FALSE,Missing Cell,B11
6/19/2022 1:04,G454N6DP54270006,B11,20491693,220613G43,AB,TRUE,FALSE,G4A3N6DP47500006,A11
6/19/2022 1:30,G472N6DP49380006,A08,20394211,220613G43,AB,TRUE,FALSE,Missing Cell,B08
6/19/2022 1:33,G461N6FD34220006,B07,20794536,220615G42,AB,TRUE,FALSE,Missing Cell,A07
6/19/2022 1:33,G4E4N6FD25220006,B06,20794536,220615G42,AB,TRUE,FALSE,Missing Cell,A06
6/19/2022 1:33,G4C1N6FD23480006,B05,20794536,220615G42,AB,TRUE,FALSE,Missing Cell,A05
6/19/2022 1:33,G454N6FD28320006,B16,20794536,220615G42,AB,TRUE,FALSE,Missing Cell,A16
6/19/2022 1:33,G4E4N6FD13590006,B15,20794536,220615G42,AB,TRUE,FALSE,Missing Cell,A15
6/19/2022 1:33,G4D4N6FD23420006,B08,20794536,220615G42,AB,TRUE,FALSE,Missing Cell,A08
6/19/2022 1:33,G4B3N6FD25040006,B13,20794536,220615G42,AB,TRUE,FALSE,Missing Cell,A13
6/19/2022 1:33,G4E4N6FD20500006,B12,20794536,220615G42,AB,TRUE,FALSE,Missing Cell,A12
6/19/2022 1:33,G4C4N6FD18210006,B11,20794536,220615G42,AB,TRUE,FALSE,Missing Cell,A11
6/19/2022 1:33,G412N6FD31250006,B10,20794536,220615G42,AB,TRUE,FALSE,Missing Cell,A10
6/19/2022 1:33,G414N6FD31210006,B09,20794536,220615G42,AB,TRUE,FALSE,Missing Cell,A09
6/19/2022 1:33,G4A1N6FD28080006,B14,20794536,220615G42,AB,TRUE,FALSE,Missing Cell,A14
6/19/2022 3:28,G484N6E154260006,A06,21024355,220613G43,AB,TRUE,FALSE,G464N6E202490006,B06
6/19/2022 3:40,G363N6E446450006,B15,20346811,220614G31,AB,TRUE,FALSE,Missing Cell,A15
6/19/2022 3:44,G3A2N6E443380006,B04,20758560,220614G31,AB,TRUE,FALSE,Missing Cell,A04
6/19/2022 3:51,G344N6E450170006,A04,20697132,220614G31,AB,TRUE,FALSE,Missing Cell,B04
6/19/2022 3:59,G333N6E427310006,B03,20018138,220614G31,AB,TRUE,FALSE,Missing Cell,A03
6/19/2022 4:03,G3A2N6E414240006,A16,21003149,220614G31,AB,TRUE,FALSE,Missing Cell,B16
6/19/2022 4:05,G324N6E445010006,B09,20435296,220614G31,AB,TRUE,FALSE,Missing Cell,A09
6/19/2022 4:05,G342N6E452450006,B08,20435296,220614G31,AB,TRUE,FALSE,Missing Cell,A08
6/19/2022 4:05,G3B1N6E433100006,B07,20435296,220614G31,AB,TRUE,FALSE,Missing Cell,A07
6/19/2022 4:05,G3B2N6E433210006,B06,20435296,220614G31,AB,TRUE,FALSE,Missing Cell,A06
6/19/2022 4:05,G373N6E454350006,B05,20435296,220614G31,AB,TRUE,FALSE,Missing Cell,A05
6/19/2022 4:05,G381N6E446330006,B16,20435296,220614G31,AB,TRUE,FALSE,Missing Cell,A16
6/19/2022 4:05,G364N6E447560006,B11,20435296,220614G31,AB,TRUE,FALSE,Missing Cell,A11
6/19/2022 4:05,G3D3N6E440430006,B12,20435296,220614G31,AB,TRUE,FALSE,Missing Cell,A12
6/19/2022 4:05,G384N6E444560006,B13,20435296,220614G31,AB,TRUE,FALSE,Missing Cell,A13
6/19/2022 4:05,G332N6E433140006,B14,20435296,220614G31,AB,TRUE,FALSE,Missing Cell,A14
6/19/2022 4:05,G3A1N6E433200006,B15,20435296,220614G31,AB,TRUE,FALSE,Missing Cell,A15
6/19/2022 4:05,G372N6E453570006,B10,20435296,220614G31,AB,TRUE,FALSE,Missing Cell,A10
6/19/2022 4:17,G3C4N6E458410006,A04,20496308,220614G31,AB,TRUE,FALSE,Missing Cell,B04
6/19/2022 4:24,G341N6E539390006,B16,20434019,220614G31,AB,TRUE,FALSE,Missing Cell,A16
6/19/2022 5:04,G3A1N6E513260006,A04,20641096,220614G31,AB,TRUE,FALSE,Missing Cell,B04
6/19/2022 5:22,G3A2N6E516340006,A07,21003431,220614G31,AB,TRUE,FALSE,G3D2N6E508590006,B07
6/19/2022 5:22,G3D2N6E508590006,B07,21003431,220614G31,AB,TRUE,FALSE,G3A2N6E516340006,A07
6/19/2022 5:32,G494N6E523580006,B16,20658175,220614G41,AB,TRUE,FALSE,G492N6E525560006,A16
6/19/2022 5:47,G3A2N6E643260006,A04,20639458,220614G31,AB,TRUE,FALSE,Missing Cell,B04
6/19/2022 5:54,G351N6E637180006,A03,20346791,220614G31,AB,TRUE,FALSE,G331N6E643030006,B03
6/19/2022 5:57,G334N6E733470006,B14,20139975,220614G31,AB,TRUE,FALSE,Missing Cell,A14
6/19/2022 5:59,G334N6E830470006,A02,20527262,220614G31,AB,TRUE,FALSE,Missing Cell,B02
6/19/2022 5:59,G333N6E837400006,A16,20527262,220614G31,AB,TRUE,FALSE,Missing Cell,B16
6/19/2022 5:59,G321N6E828110006,B01,20527262,220614G31,AB,TRUE,FALSE,Missing Cell,A01
6/19/2022 6:02,G394N6E726360006,A04,20781926,220614G31,AB,TRUE,FALSE,Missing Cell,B04
6/19/2022 6:10,G3A3N6E558470006,A04,20661533,220614G31,AB,TRUE,FALSE,Missing Cell,B04
6/19/2022 6:12,G392N6E559480006,B01,20810828,220614G31,AB,TRUE,FALSE,Missing Cell,A01
6/19/2022 6:14,G4D4N6E810460006,B09,21017877,220614G41,AB,TRUE,FALSE,Missing Cell,A09
6/19/2022 6:17,G4D4N6E848100006,B09,20458424,220614G41,AB,TRUE,FALSE,Missing Cell,A09
6/19/2022 6:21,G451N6E849240006,B09,20669906,220614G41,AB,TRUE,FALSE,Missing Cell,A09
6/19/2022 6:29,G3D1N6E628240006,B03,20610441,220614G31,AB,TRUE,FALSE,Missing Cell,A03
6/19/2022 6:34,G452N6E535460006,A16,21006209,220614G41,AB,TRUE,FALSE,G4A3N6E526460006,B16
6/19/2022 6:43,G484N6E451460006,B01,20049697,220614G41,AB,TRUE,FALSE,Missing Cell,A01
6/19/2022 6:53,G462N6E740570006,B09,20172197,220614G41,AB,TRUE,FALSE,Missing Cell,A09
6/19/2022 7:00,G442N6E833010006,B09,20213025,220614G41,AB,TRUE,FALSE,Missing Cell,A09
6/19/2022 7:02,G4C4N6E702200006,B09,20600215,220614G41,AB,TRUE,FALSE,Missing Cell,A09
6/19/2022 7:03,G4D3N6E651340006,B09,20087743,220614G41,AB,TRUE,FALSE,Missing Cell,A09
6/19/2022 7:07,G444N6E727310006,B09,21028419,220614G41,AB,TRUE,FALSE,Missing Cell,A09
6/19/2022 7:09,G4B4N6E910510006,B09,20239941,220614G41,AB,TRUE,FALSE,Missing Cell,A09
6/19/2022 7:21,G363N6EA00550006,B06,20345372,220614G31,AB,TRUE,FALSE,Missing Cell,A06
6/19/2022 7:26,G414N6E657490006,B09,20584441,220614G41,AB,TRUE,FALSE,Missing Cell,A09
6/19/2022 7:27,G461N6E932250006,B11,20330907,220614G41,AB,TRUE,FALSE,G412N6E927520006,A11
6/19/2022 7:28,G491N6E705560006,B09,20662889,220614G41,AB,TRUE,FALSE,Missing Cell,A09
6/19/2022 7:30,G4E2N6E732090006,B09,20580495,220614G41,AB,TRUE,FALSE,Missing Cell,A09
6/19/2022 7:32,G421N6E657130006,B09,20551682,220614G41,AB,TRUE,FALSE,Missing Cell,A09
6/19/2022 7:34,G491N6EA17360006,B09,20628706,220614G41,AB,TRUE,FALSE,Missing Cell,A09
6/19/2022 7:38,G414N6EA13430006,B09,20419104,220614G41,AB,TRUE,FALSE,Missing Cell,A09
6/19/2022 7:39,G451N6EA30530006,B09,21054473,220614G41,AB,TRUE,FALSE,Missing Cell,A09
6/19/2022 7:43,G354N6EB07200006,B15,20280155,220614G31,AB,TRUE,FALSE,Missing Cell,A15
6/19/2022 7:55,G413N6E903060006,B09,20287252,220614G41,AB,TRUE,FALSE,Missing Cell,A09
6/19/2022 8:12,G4C2N6E743440006,B09,20562295,220614G41,AB,TRUE,FALSE,Missing Cell,A09
6/19/2022 8:33,G471N6E825080006,B09,20032402,220614G41,AB,TRUE,FALSE,Missing Cell,A09
6/19/2022 8:35,G482N6E736280006,B09,20657390,220614G41,AB,TRUE,FALSE,Missing Cell,A09
6/19/2022 8:39,G443N6E813420006,B09,20067835,220614G41,AB,TRUE,FALSE,Missing Cell,A09
6/19/2022 8:42,G452N6E847310006,B09,20352438,220614G41,AB,TRUE,FALSE,Missing Cell,A09
6/19/2022 8:56,G4A1N6E930590006,B09,20643839,220614G41,AB,TRUE,FALSE,Missing Cell,A09
6/19/2022 8:57,G494N6E942470006,B09,20432136,220614G41,AB,TRUE,FALSE,Missing Cell,A09
6/19/2022 8:59,G4D1N6E918340006,B09,20274918,220614G41,AB,TRUE,FALSE,Missing Cell,A09
6/19/2022 9:01,G483N6E936200006,B09,20729105,220614G41,AB,TRUE,FALSE,Missing Cell,A09
6/19/2022 9:03,G454N6E945150006,B09,20547577,220614G41,AB,TRUE,FALSE,Missing Cell,A09
6/19/2022 9:07,G463N6EC32530006,B09,20605613,220614G41,AB,TRUE,FALSE,Missing Cell,A09
6/19/2022 9:20,G494N6E818210006,B09,20150129,220614G41,AB,TRUE,FALSE,Missing Cell,A09
6/19/2022 9:26,G4D4N6E823300006,B09,20757426,220614G41,AB,TRUE,FALSE,Missing Cell,A09
6/19/2022 9:52,G453N6E834350006,B09,21039209,220614G41,AB,TRUE,FALSE,Missing Cell,A09
6/19/2022 9:55,G384N6E706070006,A07,20145973,220614G31,AB,TRUE,FALSE,Missing Cell,B07
6/19/2022 10:00,G443N6E734330006,B09,20212077,220614G41,AB,TRUE,FALSE,Missing Cell,A09
6/19/2022 10:01,G444N6E730590006,B09,20818130,220614G41,AB,TRUE,FALSE,Missing Cell,A09
6/19/2022 10:06,G4E3N6E749330006,B09,20415853,220614G41,AB,TRUE,FALSE,Missing Cell,A09
6/19/2022 10:08,G4E2N6E741560006,B09,20720232,220614G41,AB,TRUE,FALSE,Missing Cell,A09
6/19/2022 10:09,G462N6EA07390006,B09,21027731,220614G41,AB,TRUE,FALSE,Missing Cell,A09
6/19/2022 11:00,G473N6E754470006,C06,20810056,220614G41,CD,FALSE,TRUE,Missing Cell,D06
6/19/2022 11:13,G394N6EB01570006,C07,20765028,220614G31,CD,FALSE,TRUE,Missing Cell,D07
6/19/2022 11:19,G453N6E721110006,C06,20153548,220614G41,CD,FALSE,TRUE,Missing Cell,D06
6/19/2022 11:20,G442N6E722140006,D01,21023285,220614G41,CD,FALSE,TRUE,Missing Cell,C01
6/19/2022 11:28,G4A1N6EC01420006,C06,20178225,220614G41,CD,FALSE,TRUE,Missing Cell,D06
6/19/2022 11:31,G443N6EB40050006,D01,20717792,220614G41,CD,FALSE,TRUE,Missing Cell,C01
6/19/2022 11:32,G463N6EA21330006,C06,20707838,220614G41,CD,FALSE,TRUE,Missing Cell,D06
6/19/2022 11:34,G4C3N6EA08520006,C06,20391510,220614G41,CD,FALSE,TRUE,Missing Cell,D06
6/19/2022 11:37,G482N6EB58360006,C06,20570619,220614G41,CD,FALSE,TRUE,Missing Cell,D06
6/19/2022 11:39,G441N6EA24500006,C06,20013293,220614G41,CD,FALSE,TRUE,Missing Cell,D06
6/19/2022 11:39,G493N6EA18140006,D11,20013293,220614G41,CD,FALSE,TRUE,Missing Cell,C11
6/19/2022 11:45,G463N6EB00310006,C06,20415265,220614G41,CD,FALSE,TRUE,Missing Cell,D06
6/19/2022 11:48,G4C2N6EA52510006,D13,20157955,220614G41,CD,FALSE,TRUE,Missing Cell,C13
6/19/2022 11:50,G462N6EA07130006,D01,20729476,220614G41,CD,FALSE,TRUE,Missing Cell,C01
6/19/2022 12:00,G353N6EB26200006,C10,20466604,220614G31,CD,FALSE,TRUE,Missing Cell,D10
6/19/2022 12:04,G4C3N6EB15400006,C06,20808382,220614G41,CD,FALSE,TRUE,Missing Cell,D06
6/19/2022 12:10,G4B3N6EB13230006,C06,20122272,220614G41,CD,FALSE,TRUE,Missing Cell,D06
6/19/2022 12:13,G4A2N6EC16510006,C06,20460568,220614G41,CD,FALSE,TRUE,Missing Cell,D06
6/19/2022 12:14,G434N6EB15350006,C06,20163043,220614G41,CD,FALSE,TRUE,Missing Cell,D06
6/19/2022 12:16,G4B2N6EB41200006,C06,20818015,220614G41,CD,FALSE,TRUE,Missing Cell,D06
6/19/2022 12:19,G474N6EB19100006,D01,20130117,220614G41,CD,FALSE,TRUE,Missing Cell,C01
6/19/2022 12:38,G384N6EA05180006,C12,20546436,220614G31,CD,FALSE,TRUE,Missing Cell,D12
6/19/2022 12:42,G362N6EF07070006,C10,20104092,220614G31,CD,FALSE,TRUE,G342N6EF04470006,D10
6/19/2022 12:52,G482N6EB31100006,C06,20522513,220614G41,CD,FALSE,TRUE,Missing Cell,D06
6/19/2022 13:06,G463N6EC31340006,C06,20131916,220614G41,CD,FALSE,TRUE,Missing Cell,D06
6/19/2022 13:09,G473N6EC59520006,C06,20745009,220614G41,CD,FALSE,TRUE,Missing Cell,D06
6/19/2022 13:09,G432N6EC58330006,D07,20745009,220614G41,CD,FALSE,TRUE,Missing Cell,C07
6/19/2022 13:11,G473N6EC45010006,C06,20628345,220614G41,CD,FALSE,TRUE,Missing Cell,D06
6/19/2022 13:12,G484N6EC43430006,D01,20135676,220614G41,CD,FALSE,TRUE,Missing Cell,C01
6/19/2022 13:18,G412N6EC44190006,C06,20095046,220614G41,CD,FALSE,TRUE,Missing Cell,D06
6/19/2022 13:32,G491N6EB57390006,C06,20280629,220614G41,CD,FALSE,TRUE,Missing Cell,D06
6/19/2022 13:35,G471N6EB59280006,C06,20517968,220614G41,CD,FALSE,TRUE,Missing Cell,D06
6/19/2022 13:36,G461N6EC00480006,C06,20494097,220614G41,CD,FALSE,TRUE,Missing Cell,D06
6/19/2022 13:42,G4A4N6EC56170006,C06,20746841,220614G41,CD,FALSE,TRUE,Missing Cell,D06
6/19/2022 13:45,G392N6ED28240006,D12,20458359,220614G31,CD,FALSE,TRUE,Missing Cell,C12
6/19/2022 14:01,G351N6EF50000006,D12,20661258,220614G32,CD,FALSE,TRUE,Missing Cell,C12
6/19/2022 14:04,G4B1N6ED27550006,C06,20572348,220614G42,CD,FALSE,TRUE,Missing Cell,D06
6/19/2022 14:08,G374N6EF54440006,D11,20748021,220614G32,CD,FALSE,TRUE,Missing Cell,C11
6/19/2022 14:10,G343N6EF38020006,C10,20806486,220614G32,CD,FALSE,TRUE,Missing Cell,D10
6/19/2022 14:12,G463N6EC01100006,D01,20409897,220614G41,CD,FALSE,TRUE,Missing Cell,C01
6/19/2022 14:15,G482N6EE42090006,D01,21048592,220614G42,CD,FALSE,TRUE,Missing Cell,C01
6/19/2022 14:25,G4C1N6EF11140006,D01,20338378,220614G42,CD,FALSE,TRUE,Missing Cell,C01
6/19/2022 14:28,G464N6EF00410006,C06,20020047,220614G42,CD,FALSE,TRUE,Missing Cell,D06
6/19/2022 14:35,G493N6ED16060006,D01,20606412,220614G42,CD,FALSE,TRUE,Missing Cell,C01
6/19/2022 14:40,G444N6EF21170006,D01,20142018,220614G42,CD,FALSE,TRUE,Missing Cell,C01
6/19/2022 14:43,G4A4N6ED38320006,D08,20742752,220614G42,CD,FALSE,TRUE,Missing Cell,C08
6/19/2022 14:43,G484N6EE40490006,D01,20742752,220614G42,CD,FALSE,TRUE,Missing Cell,C01
6/19/2022 14:46,G492N6EE26370006,C06,20486387,220614G42,CD,FALSE,TRUE,Missing Cell,D06
6/19/2022 14:48,G4C1N6ED14010006,C06,21039764,220614G42,CD,FALSE,TRUE,Missing Cell,D06
6/19/2022 14:53,G4A2N6EC55550006,C06,20751302,220614G41,CD,FALSE,TRUE,Missing Cell,D06
6/19/2022 14:55,G3A2N6EF02390006,C10,20431012,220614G32,CD,FALSE,TRUE,Missing Cell,D10
6/19/2022 15:06,G4B1N6EG02490006,D01,20277673,220614G42,CD,FALSE,TRUE,Missing Cell,C01
6/19/2022 15:13,G3C2N6EG39090006,C10,20815580,220614G32,CD,FALSE,TRUE,Missing Cell,D10
6/19/2022 15:15,G352N6EG54430006,D02,21006662,220614G32,CD,FALSE,TRUE,G3A3N6EG09450006,C02
6/19/2022 15:21,G423N6EF55130006,B16,20358484,220614G42,AB,TRUE,FALSE,G433N6EG00070006,A16
6/19/2022 15:21,G411N6EF59090006,D01,20358484,220614G42,CD,FALSE,TRUE,Missing Cell,C01
6/19/2022 15:26,G3E3N6EF02580006,D12,20203327,220614G32,CD,FALSE,TRUE,Missing Cell,C12
6/19/2022 15:33,G484N6EF28440006,D01,21004212,220614G42,CD,FALSE,TRUE,Missing Cell,C01
6/19/2022 15:47,G383N6EF35490006,C10,20305753,220614G32,CD,FALSE,TRUE,Missing Cell,D10
6/19/2022 15:50,G353N6EF40030006,D15,20111198,220614G32,CD,FALSE,TRUE,Missing Cell,C15
6/19/2022 15:58,G364N6EH50340006,C06,20643713,220614G32,CD,FALSE,TRUE,Missing Cell,D06
6/19/2022 16:21,G494N6EJ03260006,A07,21008021,220614G42,AB,TRUE,FALSE,G462N6EJ01070006,B07
6/19/2022 16:22,G474N6EJ17170006,C10,20030454,220614G42,CD,FALSE,TRUE,G4A2N6EJ00370006,D10
6/19/2022 16:29,G324N6EH37280006,C10,20702039,220614G32,CD,FALSE,TRUE,Missing Cell,D10
6/19/2022 16:58,G353N6EF46200006,D11,20586904,220614G32,CD,FALSE,TRUE,Missing Cell,C11
6/19/2022 17:13,G482N6EJ20260006,D04,20155970,220614G42,CD,FALSE,TRUE,Missing Cell,C04
6/19/2022 17:23,G341N6EG03120006,C10,20267017,220614G32,CD,FALSE,TRUE,Missing Cell,D10
6/19/2022 17:39,G393N6EG16310006,C10,20773867,220614G32,CD,FALSE,TRUE,Missing Cell,D10
6/19/2022 18:08,G3D3N6EF48120006,D03,20475503,220614G32,CD,FALSE,TRUE,Missing Cell,C03
6/19/2022 18:28,G354N6EJ19510006,D07,20296924,220614G32,CD,FALSE,TRUE,Missing Cell,C07
6/19/2022 18:42,G382N6EJ54280006,D01,20566237,220614G32,CD,FALSE,TRUE,Missing Cell,C01
6/19/2022 19:01,G384N6EH23110006,C10,21035057,220614G32,CD,FALSE,TRUE,Missing Cell,D10
6/19/2022 19:01,G342N6EH28340006,D09,21035057,220614G32,CD,FALSE,TRUE,Missing Cell,C09
6/19/2022 19:04,G313N6EL10420006,D12,20418797,220614G32,CD,FALSE,TRUE,Missing Cell,C12
6/19/2022 19:16,G394N6EL38000006,C14,21024766,220614G32,CD,FALSE,TRUE,G383N6EL41370006,D14
6/19/2022 19:29,G3D4N6EL21440006,C10,20468367,220614G32,CD,FALSE,TRUE,Missing Cell,D10
6/19/2022 19:41,G471N6EK13460006,B14,20404745,220614G42,AB,TRUE,FALSE,G434N6EK10540006,A14
6/19/2022 19:55,G321N6EK59350006,D01,21034840,220614G32,CD,FALSE,TRUE,Missing Cell,C01
6/19/2022 20:01,G443N6EH39540006,D03,20070710,220614G42,CD,FALSE,TRUE,Missing Cell,C03
6/19/2022 20:12,G313N6EK58560006,C10,20809204,220614G32,CD,FALSE,TRUE,Missing Cell,D10
6/19/2022 20:55,G344N6EN51560006,C08,20388811,220614G32,CD,FALSE,TRUE,Missing Cell,D08
6/19/2022 20:57,G343N6EN54010006,C07,20782848,220614G32,CD,FALSE,TRUE,Missing Cell,D07
6/19/2022 21:14,G354N6EJ29370006,C10,20377960,220614G32,CD,FALSE,TRUE,Missing Cell,D10
6/19/2022 21:53,G364N6EP52080006,C07,20601865,220614G32,CD,FALSE,TRUE,Missing Cell,D07
6/19/2022 21:55,G3B2N6EL53120006,C10,21014406,220614G32,CD,FALSE,TRUE,Missing Cell,D10
6/19/2022 22:48,G323N6EP19210006,C10,20392698,220614G32,CD,FALSE,TRUE,Missing Cell,D10
6/19/2022 23:29,G3B2N6EP55180006,C12,20533378,220614G32,CD,FALSE,TRUE,Missing Cell,D12
6/19/2022 23:58,G3C1N6EN56340006,D01,20638319,220614G32,CD,FALSE,TRUE,Missing Cell,C01
6/20/2022 0:23,G393N6F007400006,C07,20547692,220614G32,CD,FALSE,TRUE,Missing Cell,D07
6/20/2022 0:24,G314N6F007020006,C07,20521100,220614G32,CD,FALSE,TRUE,Missing Cell,D07
6/20/2022 0:34,G371N6F116450006,A07,20486624,220614G33,AB,TRUE,FALSE,G341N6F112400006,B07
6/20/2022 0:35,G344N6F256020006,C07,20764286,220614G33,CD,FALSE,TRUE,Missing Cell,D07
6/20/2022 0:36,G3B3N6F100550006,D03,20602939,220614G33,CD,FALSE,TRUE,Missing Cell,C03
6/20/2022 0:49,G3A4N6F246230006,C07,20812387,220614G33,CD,FALSE,TRUE,Missing Cell,D07
6/20/2022 0:50,G394N6F249300006,C07,20405425,220614G33,CD,FALSE,TRUE,Missing Cell,D07
6/20/2022 1:11,G3E4N6F211240006,C07,20298151,220614G33,CD,FALSE,TRUE,Missing Cell,D07
6/20/2022 1:17,G381N6F315300006,C07,20455700,220614G33,CD,FALSE,TRUE,Missing Cell,D07
6/20/2022 1:43,G3D2N6F317340006,C07,20520766,220614G33,CD,FALSE,TRUE,Missing Cell,D07
6/20/2022 1:47,G321N6F113180006,C07,20349940,220614G33,CD,FALSE,TRUE,Missing Cell,D07
6/20/2022 1:49,G3A4N6F114410006,B16,20250712,220614G33,AB,TRUE,FALSE,G393N6F114240006,A16
6/20/2022 1:51,G382N6F139040006,C07,20103439,220614G33,CD,FALSE,TRUE,Missing Cell,D07
6/20/2022 1:58,G3A3N6F124150006,C07,20153129,220614G33,CD,FALSE,TRUE,Missing Cell,D07
6/20/2022 2:03,G393N6F127080006,C02,20304622,220614G33,CD,FALSE,TRUE,Missing Cell,D02
6/20/2022 2:03,G3A2N6F222030006,C08,20304622,220614G33,CD,FALSE,TRUE,Missing Cell,D08
6/20/2022 2:04,G321N6F138450006,D07,20462274,220614G33,CD,FALSE,TRUE,Missing Cell,C07
6/20/2022 2:10,G391N6F223470006,C08,20622399,220614G33,CD,FALSE,TRUE,Missing Cell,D08
6/20/2022 2:24,G324N6EH54530006,D01,20301564,220614G32,CD,FALSE,TRUE,Missing Cell,C01
6/20/2022 2:59,G461N6F116250006,B16,21055913,220614G43,AB,TRUE,FALSE,G483N6F107250006,A16
6/20/2022 3:33,G474N6F019230006,D01,20791861,220614G43,CD,FALSE,TRUE,Missing Cell,C01
6/20/2022 4:18,G4E3N6F118520006,C08,20495134,220614G43,CD,FALSE,TRUE,Missing Cell,D08
6/20/2022 4:36,G4D1N6F118310006,D13,21007744,220614G43,CD,FALSE,TRUE,Missing Cell,C13
6/20/2022 4:45,G342N6F350580006,C07,20425733,220614G33,CD,FALSE,TRUE,Missing Cell,D07
6/20/2022 4:50,G342N6F339310006,D07,20465716,220614G33,CD,FALSE,TRUE,Missing Cell,C07
6/20/2022 4:53,G363N6F310470006,C07,20584217,220614G33,CD,FALSE,TRUE,Missing Cell,D07
6/20/2022 5:05,G333N6F502590006,C15,20529803,220615G31,CD,FALSE,TRUE,G343N6F506090006,D15
6/20/2022 5:31,G351N6F930050006,C15,20820669,220615G31,CD,FALSE,TRUE,Missing Cell,D15
6/20/2022 5:34,G3C1N6F917210006,C15,20100635,220615G31,CD,FALSE,TRUE,Missing Cell,D15
6/20/2022 5:40,G3A2N6F759260006,C15,20430461,220615G31,CD,FALSE,TRUE,Missing Cell,D15
6/20/2022 5:47,G322N6F605130006,B09,20526091,220615G31,AB,TRUE,FALSE,G3D3N6F558220006,A09
6/20/2022 5:55,G374N6F254000006,C04,20367102,220614G33,CD,FALSE,TRUE,G381N6F308200006,D04
6/20/2022 5:55,G381N6F308200006,D04,20367102,220614G33,CD,FALSE,TRUE,G374N6F254000006,C04
6/20/2022 5:59,G3B4N6F507540006,C08,20605198,220615G31,CD,FALSE,TRUE,Missing Cell,D08
6/20/2022 6:01,G324N6FC07480006,C15,20581727,220615G31,CD,FALSE,TRUE,Missing Cell,D15
6/20/2022 6:08,G391N6FC02130006,C15,20649256,220615G31,CD,FALSE,TRUE,Missing Cell,D15
6/20/2022 6:24,G373N6F738260006,C10,20357059,220615G31,CD,FALSE,TRUE,Missing Cell,D10
6/20/2022 6:29,G3D1N6FC32500006,C15,20765683,220615G31,CD,FALSE,TRUE,Missing Cell,D15
6/20/2022 6:32,G383N6FB40430006,D12,20304790,220615G31,CD,FALSE,TRUE,Missing Cell,C12
6/20/2022 6:36,G3E4N6FC36230006,D12,20220376,220615G31,CD,FALSE,TRUE,Missing Cell,C12
6/20/2022 6:38,G311N6FC51140006,C15,20810841,220615G31,CD,FALSE,TRUE,Missing Cell,D15
6/20/2022 6:42,G3E1N6F926490006,C10,20740229,220615G31,CD,FALSE,TRUE,Missing Cell,D10
6/20/2022 6:45,G351N6FC57420006,C15,20703669,220615G31,CD,FALSE,TRUE,Missing Cell,D15
6/20/2022 6:54,G354N6F940350006,C15,20535753,220615G31,CD,FALSE,TRUE,Missing Cell,D15
6/20/2022 6:58,G3D1N6F929330006,C10,21026355,220615G31,CD,FALSE,TRUE,Missing Cell,D10
6/20/2022 6:59,G3D1N6F925020006,C15,20536986,220615G31,CD,FALSE,TRUE,Missing Cell,D15
6/20/2022 7:02,G352N6F931250006,C15,20342948,220615G31,CD,FALSE,TRUE,Missing Cell,D15
6/20/2022 7:09,G352N6F909420006,C15,20521226,220615G31,CD,FALSE,TRUE,Missing Cell,D15
6/20/2022 7:12,G3C4N6F850590006,C15,20610929,220615G31,CD,FALSE,TRUE,Missing Cell,D15
6/20/2022 7:16,G362N6FB13120006,C15,20717839,220615G31,CD,FALSE,TRUE,Missing Cell,D15
6/20/2022 7:17,G3D2N6F929180006,C15,21038160,220615G31,CD,FALSE,TRUE,Missing Cell,D15
6/20/2022 7:22,G391N6FC20090006,D02,20410821,220615G31,CD,FALSE,TRUE,G321N6FC20470006,C02
6/20/2022 7:23,G3A4N6FB15230006,C15,20451665,220615G31,CD,FALSE,TRUE,Missing Cell,D15
6/20/2022 7:25,G353N6FB11170006,C15,20742269,220615G31,CD,FALSE,TRUE,Missing Cell,D15
6/20/2022 7:28,G3E2N6FA38090006,D16,20767639,220615G31,CD,FALSE,TRUE,Missing Cell,C16
6/20/2022 7:30,G381N6FA40150006,C10,21060260,220615G31,CD,FALSE,TRUE,Missing Cell,D10
6/20/2022 7:33,G322N6F902190006,C15,20757451,220615G31,CD,FALSE,TRUE,Missing Cell,D15
6/20/2022 7:34,G314N6F757510006,C15,20473226,220615G31,CD,FALSE,TRUE,Missing Cell,D15
6/20/2022 7:36,G351N6FC28560006,C15,20598373,220615G31,CD,FALSE,TRUE,Missing Cell,D15
6/20/2022 7:37,G334N6FA58370006,C15,20036562,220615G31,CD,FALSE,TRUE,Missing Cell,D15
6/20/2022 7:42,G333N6F920330006,C15,20723986,220615G31,CD,FALSE,TRUE,Missing Cell,D15
6/20/2022 7:45,G364N6FC20510006,C15,20312194,220615G31,CD,FALSE,TRUE,Missing Cell,D15
6/20/2022 7:47,G313N6FB58410006,C15,20371117,220615G31,CD,FALSE,TRUE,Missing Cell,D15
6/20/2022 7:52,G3B3N6F415110006,D08,20207784,220615G31,CD,FALSE,TRUE,Missing Cell,C08
6/20/2022 7:54,G372N6F432230006,C08,20606656,220615G31,CD,FALSE,TRUE,Missing Cell,D08
6/20/2022 8:03,G321N6FD20060006,C15,20039778,220615G31,CD,FALSE,TRUE,Missing Cell,D15
6/20/2022 8:06,G391N6FD25430006,C15,20363727,220615G31,CD,FALSE,TRUE,Missing Cell,D15
6/20/2022 8:08,G4C1N6F357220006,D12,20699538,220614G43,CD,FALSE,TRUE,Missing Cell,C12
